crash_date,traffic_control_device,weather_condition,lighting_condition,first_crash_type,trafficway_type,alignment,roadway_surface_cond,road_defect,crash_type,intersection_related_i,damage,prim_contributory_cause,num_units,most_severe_injury,injuries_total,injuries_fatal,injuries_incapacitating,injuries_non_incapacitating,injuries_reported_not_evident,injuries_no_indication,crash_hour,crash_day_of_week,crash_month,weather_cond_clean
11/18/2017 01:11:00 PM,TRAFFIC SIGNAL,RAIN,DAYLIGHT,FIXED OBJECT,NOT DIVIDED,STRAIGHT AND LEVEL,WET,NO DEFECTS,INJURY AND / OR TOW DUE TO CRASH,Y,"OVER $1,500",DISREGARDING TRAFFIC SIGNALS,1.0,NO INDICATION OF INJURY,0.0,0.0,0.0,0.0,0.0,1.0,13.0,7.0,11.0,RAIN
07/13/2016 02:00:00 PM,TRAFFIC SIGNAL,CLEAR,DAYLIGHT,REAR END,NOT DIVIDED,STRAIGHT AND LEVEL,DRY,NO DEFECTS,NO INJURY / DRIVE AWAY,Y,"OVER $1,500",FAILING TO REDUCE SPEED TO AVOID CRASH,2.0,NO INDICATION OF INJURY,0.0,0.0,0.0,0.0,0.0,2.0,14.0,4.0,7.0,CLEAR
07/20/2016 04:45:00 PM,UNKNOWN,UNKNOWN,UNKNOWN,TURNING,CENTER TURN LANE,STRAIGHT AND LEVEL,UNKNOWN,UNKNOWN,NO INJURY / DRIVE AWAY,Y,"OVER $1,500",UNABLE TO DETERMINE,2.0,NO INDICATION OF INJURY,0.0,0.0,0.0,0.0,0.0,2.0,16.0,4.0,7.0,UNKNOWN
11/20/2018 12:14:00 PM,TRAFFIC SIGNAL,CLEAR,DAYLIGHT,SIDESWIPE SAME DIRECTION,UNKNOWN,STRAIGHT AND LEVEL,DRY,NO DEFECTS,NO INJURY / DRIVE AWAY,Y,"OVER $1,500",IMPROPER OVERTAKING/PASSING,2.0,NO INDICATION OF INJURY,0.0,0.0,0.0,0.0,0.0,2.0,12.0,3.0,11.0,CLEAR
12/27/2020 06:16:00 PM,TRAFFIC SIGNAL,CLEAR,DAWN,ANGLE,DIVIDED - W/MEDIAN (NOT RAISED),STRAIGHT AND LEVEL,DRY,NO DEFECTS,NO INJURY / DRIVE AWAY,Y,"$501 - $1,500",NOT APPLICABLE,2.0,NO INDICATION OF INJURY,0.0,0.0,0.0,0.0,0.0,4.0,18.0,1.0,12.0,CLEAR
07/06/2023 09:20:00 AM,STOP SIGN/FLASHER,CLEAR,DAYLIGHT,ANGLE,NOT DIVIDED,STRAIGHT AND LEVEL,DRY,NO DEFECTS,NO INJURY / DRIVE AWAY,Y,"OVER $1,500",DISREGARDING STOP SIGN,2.0,NO INDICATION OF INJURY,0.0,0.0,0.0,0.0,0.0,2.0,9.0,5.0,7.0,CLEAR
12/29/2021 12:13:00 PM,STOP SIGN/FLASHER,CLEAR,DAYLIGHT,TURNING,T-INTERSECTION,STRAIGHT AND LEVEL,DRY,SHOULDER DEFECT,INJURY AND / OR TOW DUE TO CRASH,Y,"OVER $1,500",UNABLE TO DETERMINE,2.0,NO INDICATION OF INJURY,0.0,0.0,0.0,0.0,0.0,2.0,12.0,4.0,12.0,CLEAR
09/17/2019 06:58:00 PM,TRAFFIC SIGNAL,CLEAR,DAYLIGHT,ANGLE,NOT DIVIDED,STRAIGHT AND LEVEL,DRY,NO DEFECTS,NO INJURY / DRIVE AWAY,Y,"OVER $1,500",UNABLE TO DETERMINE,2.0,NO INDICATION OF INJURY,0.0,0.0,0.0,0.0,0.0,2.0,18.0,3.0,9.0,CLEAR
10/12/2017 08:50:00 AM,STOP SIGN/FLASHER,CLEAR,DAYLIGHT,SIDESWIPE SAME DIRECTION,NOT DIVIDED,STRAIGHT AND LEVEL,DRY,NO DEFECTS,NO INJURY / DRIVE AWAY,Y,"OVER $1,500",IMPROPER LANE USAGE,2.0,NO INDICATION OF INJURY,0.0,0.0,0.0,0.0,0.0,2.0,8.0,5.0,10.0,CLEAR
01/05/2018 05:07:00 PM,TRAFFIC SIGNAL,CLEAR,"DARKNESS, LIGHTED ROAD",REAR END,DIVIDED - W/MEDIAN (NOT RAISED),STRAIGHT AND LEVEL,DRY,NO DEFECTS,NO INJURY / DRIVE AWAY,Y,"OVER $1,500",FOLLOWING TOO CLOSELY,2.0,NO INDICATION OF INJURY,0.0,0.0,0.0,0.0,0.0,2.0,17.0,6.0,1.0,CLEAR
03/21/2022 09:45:00 PM,TRAFFIC SIGNAL,CLEAR,"DARKNESS, LIGHTED ROAD",REAR END,NOT DIVIDED,STRAIGHT AND LEVEL,DRY,NO DEFECTS,NO INJURY / DRIVE AWAY,Y,$500 OR LESS,FAILING TO REDUCE SPEED TO AVOID CRASH,2.0,NO INDICATION OF INJURY,0.0,0.0,0.0,0.0,0.0,2.0,21.0,2.0,3.0,CLEAR
06/10/2023 07:30:00 PM,UNKNOWN,CLEAR,DUSK,TURNING,FOUR WAY,STRAIGHT AND LEVEL,DRY,UNKNOWN,INJURY AND / OR TOW DUE TO CRASH,Y,"OVER $1,500",UNABLE TO DETERMINE,2.0,NONINCAPACITATING INJURY,1.0,0.0,0.0,1.0,0.0,2.0,19.0,7.0,6.0,CLEAR
03/01/2017 03:50:00 PM,NO CONTROLS,RAIN,DAYLIGHT,TURNING,NOT DIVIDED,STRAIGHT AND LEVEL,WET,UNKNOWN,NO INJURY / DRIVE AWAY,Y,"OVER $1,500",FAILING TO YIELD RIGHT-OF-WAY,2.0,NO INDICATION OF INJURY,0.0,0.0,0.0,0.0,0.0,4.0,15.0,4.0,3.0,RAIN
12/11/2021 08:50:00 PM,TRAFFIC SIGNAL,CLEAR,"DARKNESS, LIGHTED ROAD",TURNING,T-INTERSECTION,STRAIGHT AND LEVEL,UNKNOWN,UNKNOWN,INJURY AND / OR TOW DUE TO CRASH,Y,"OVER $1,500",DISREGARDING TRAFFIC SIGNALS,2.0,INCAPACITATING INJURY,2.0,0.0,1.0,0.0,1.0,1.0,20.0,7.0,12.0,CLEAR
02/11/2019 03:00:00 PM,TRAFFIC SIGNAL,CLEAR,DAYLIGHT,TURNING,DIVIDED - W/MEDIAN BARRIER,STRAIGHT AND LEVEL,DRY,NO DEFECTS,NO INJURY / DRIVE AWAY,Y,$500 OR LESS,IMPROPER TURNING/NO SIGNAL,2.0,NO INDICATION OF INJURY,0.0,0.0,0.0,0.0,0.0,2.0,15.0,2.0,2.0,CLEAR
08/19/2016 08:15:00 PM,STOP SIGN/FLASHER,CLEAR,DAYLIGHT,ANGLE,ONE-WAY,STRAIGHT AND LEVEL,DRY,UNKNOWN,NO INJURY / DRIVE AWAY,Y,"OVER $1,500",UNABLE TO DETERMINE,2.0,NO INDICATION OF INJURY,0.0,0.0,0.0,0.0,0.0,2.0,20.0,6.0,8.0,CLEAR
02/10/2023 07:05:00 PM,TRAFFIC SIGNAL,CLEAR,"DARKNESS, LIGHTED ROAD",TURNING,FOUR WAY,STRAIGHT AND LEVEL,DRY,NO DEFECTS,INJURY AND / OR TOW DUE TO CRASH,Y,"OVER $1,500",FAILING TO YIELD RIGHT-OF-WAY,2.0,NO INDICATION OF INJURY,0.0,0.0,0.0,0.0,0.0,2.0,19.0,6.0,2.0,CLEAR
02/13/2021 07:28:00 PM,TRAFFIC SIGNAL,CLEAR,"DARKNESS, LIGHTED ROAD",TURNING,NOT DIVIDED,STRAIGHT AND LEVEL,SNOW OR SLUSH,NO DEFECTS,INJURY AND / OR TOW DUE TO CRASH,Y,"OVER $1,500",FAILING TO YIELD RIGHT-OF-WAY,2.0,"REPORTED, NOT EVIDENT",1.0,0.0,0.0,0.0,1.0,1.0,19.0,7.0,2.0,CLEAR
07/28/2019 03:25:00 PM,TRAFFIC SIGNAL,CLEAR,DAYLIGHT,REAR END,DIVIDED - W/MEDIAN BARRIER,STRAIGHT AND LEVEL,DRY,NO DEFECTS,NO INJURY / DRIVE AWAY,Y,"OVER $1,500",UNABLE TO DETERMINE,3.0,NO INDICATION OF INJURY,0.0,0.0,0.0,0.0,0.0,3.0,15.0,1.0,7.0,CLEAR
04/06/2019 08:35:00 PM,TRAFFIC SIGNAL,CLEAR,"DARKNESS, LIGHTED ROAD",TURNING,ONE-WAY,STRAIGHT AND LEVEL,DRY,NO DEFECTS,NO INJURY / DRIVE AWAY,Y,"$501 - $1,500",IMPROPER LANE USAGE,2.0,NO INDICATION OF INJURY,0.0,0.0,0.0,0.0,0.0,3.0,20.0,7.0,4.0,CLEAR
12/13/2018 04:45:00 PM,STOP SIGN/FLASHER,CLEAR,DAWN,SIDESWIPE SAME DIRECTION,ONE-WAY,STRAIGHT AND LEVEL,DRY,UNKNOWN,NO INJURY / DRIVE AWAY,Y,"OVER $1,500",IMPROPER OVERTAKING/PASSING,3.0,NO INDICATION OF INJURY,0.0,0.0,0.0,0.0,0.0,3.0,16.0,5.0,12.0,CLEAR
11/17/2022 07:15:00 AM,NO CONTROLS,CLEAR,DAYLIGHT,REAR END,NOT DIVIDED,STRAIGHT AND LEVEL,DRY,NO DEFECTS,INJURY AND / OR TOW DUE TO CRASH,Y,"OVER $1,500",FOLLOWING TOO CLOSELY,2.0,NO INDICATION OF INJURY,0.0,0.0,0.0,0.0,0.0,2.0,7.0,5.0,11.0,CLEAR
09/18/2020 12:30:00 PM,YIELD,CLEAR,DAYLIGHT,PEDESTRIAN,FOUR WAY,STRAIGHT AND LEVEL,DRY,NO DEFECTS,INJURY AND / OR TOW DUE TO CRASH,Y,$500 OR LESS,FAILING TO YIELD RIGHT-OF-WAY,2.0,NONINCAPACITATING INJURY,1.0,0.0,0.0,1.0,0.0,1.0,12.0,6.0,9.0,CLEAR
12/06/2020 06:50:00 PM,TRAFFIC SIGNAL,CLEAR,"DARKNESS, LIGHTED ROAD",ANGLE,DIVIDED - W/MEDIAN BARRIER,STRAIGHT AND LEVEL,DRY,NO DEFECTS,INJURY AND / OR TOW DUE TO CRASH,Y,"OVER $1,500",DISREGARDING TRAFFIC SIGNALS,2.0,NO INDICATION OF INJURY,0.0,0.0,0.0,0.0,0.0,2.0,18.0,1.0,12.0,CLEAR
10/23/2016 03:00:00 AM,STOP SIGN/FLASHER,CLEAR,"DARKNESS, LIGHTED ROAD",ANGLE,NOT DIVIDED,STRAIGHT AND LEVEL,DRY,NO DEFECTS,NO INJURY / DRIVE AWAY,Y,"OVER $1,500",FAILING TO YIELD RIGHT-OF-WAY,2.0,NO INDICATION OF INJURY,0.0,0.0,0.0,0.0,0.0,3.0,3.0,1.0,10.0,CLEAR
08/01/2021 04:40:00 AM,TRAFFIC SIGNAL,CLEAR,"DARKNESS, LIGHTED ROAD",TURNING,DIVIDED - W/MEDIAN BARRIER,STRAIGHT AND LEVEL,DRY,NO DEFECTS,INJURY AND / OR TOW DUE TO CRASH,Y,"OVER $1,500",DRIVING ON WRONG SIDE/WRONG WAY,2.0,NONINCAPACITATING INJURY,1.0,0.0,0.0,1.0,0.0,1.0,4.0,1.0,8.0,CLEAR
10/24/2018 04:10:00 PM,STOP SIGN/FLASHER,CLEAR,DAYLIGHT,ANGLE,DIVIDED - W/MEDIAN (NOT RAISED),STRAIGHT AND LEVEL,DRY,NO DEFECTS,NO INJURY / DRIVE AWAY,Y,"$501 - $1,500",FAILING TO YIELD RIGHT-OF-WAY,2.0,NO INDICATION OF INJURY,0.0,0.0,0.0,0.0,0.0,4.0,16.0,4.0,10.0,CLEAR
12/08/2019 08:14:00 AM,TRAFFIC SIGNAL,CLEAR,DAYLIGHT,SIDESWIPE SAME DIRECTION,FOUR WAY,STRAIGHT AND LEVEL,DRY,NO DEFECTS,NO INJURY / DRIVE AWAY,Y,"OVER $1,500",UNABLE TO DETERMINE,2.0,NO INDICATION OF INJURY,0.0,0.0,0.0,0.0,0.0,2.0,8.0,1.0,12.0,CLEAR
02/22/2017 07:15:00 AM,TRAFFIC SIGNAL,CLOUDY/OVERCAST,DAYLIGHT,TURNING,DIVIDED - W/MEDIAN (NOT RAISED),STRAIGHT AND LEVEL,WET,NO DEFECTS,NO INJURY / DRIVE AWAY,Y,"OVER $1,500",IMPROPER OVERTAKING/PASSING,2.0,NO INDICATION OF INJURY,0.0,0.0,0.0,0.0,0.0,3.0,7.0,4.0,2.0,CLOUDY/OVERCAST
11/02/2021 03:30:00 PM,NO CONTROLS,UNKNOWN,DAYLIGHT,SIDESWIPE SAME DIRECTION,T-INTERSECTION,STRAIGHT AND LEVEL,OTHER,UNKNOWN,NO INJURY / DRIVE AWAY,Y,"OVER $1,500",UNABLE TO DETERMINE,2.0,NO INDICATION OF INJURY,0.0,0.0,0.0,0.0,0.0,2.0,15.0,3.0,11.0,UNKNOWN
03/11/2022 04:36:00 PM,TRAFFIC SIGNAL,CLEAR,DAYLIGHT,TURNING,NOT DIVIDED,STRAIGHT AND LEVEL,DRY,NO DEFECTS,NO INJURY / DRIVE AWAY,Y,"OVER $1,500",DRIVING ON WRONG SIDE/WRONG WAY,2.0,NO INDICATION OF INJURY,0.0,0.0,0.0,0.0,0.0,2.0,16.0,6.0,3.0,CLEAR
02/16/2023 12:20:00 PM,NO CONTROLS,RAIN,DAYLIGHT,SIDESWIPE SAME DIRECTION,DIVIDED - W/MEDIAN BARRIER,STRAIGHT AND LEVEL,WET,NO DEFECTS,INJURY AND / OR TOW DUE TO CRASH,Y,"$501 - $1,500",FAILING TO REDUCE SPEED TO AVOID CRASH,2.0,NO INDICATION OF INJURY,0.0,0.0,0.0,0.0,0.0,2.0,12.0,5.0,2.0,RAIN
03/05/2022 08:02:00 AM,TRAFFIC SIGNAL,CLEAR,DAYLIGHT,FIXED OBJECT,FOUR WAY,STRAIGHT AND LEVEL,DRY,NO DEFECTS,INJURY AND / OR TOW DUE TO CRASH,Y,"OVER $1,500",NOT APPLICABLE,1.0,NONINCAPACITATING INJURY,1.0,0.0,0.0,1.0,0.0,0.0,8.0,7.0,3.0,CLEAR
06/29/2019 04:35:00 PM,UNKNOWN,CLEAR,DAYLIGHT,SIDESWIPE SAME DIRECTION,UNKNOWN INTERSECTION TYPE,STRAIGHT AND LEVEL,DRY,UNKNOWN,INJURY AND / OR TOW DUE TO CRASH,N,"OVER $1,500",UNABLE TO DETERMINE,5.0,NONINCAPACITATING INJURY,4.0,0.0,0.0,1.0,3.0,2.0,16.0,7.0,6.0,CLEAR
06/16/2018 04:30:00 PM,NO CONTROLS,CLEAR,DAYLIGHT,PARKED MOTOR VEHICLE,NOT DIVIDED,STRAIGHT AND LEVEL,DRY,NO DEFECTS,NO INJURY / DRIVE AWAY,Y,"OVER $1,500",FAILING TO YIELD RIGHT-OF-WAY,3.0,NO INDICATION OF INJURY,0.0,0.0,0.0,0.0,0.0,3.0,16.0,7.0,6.0,CLEAR
07/05/2018 10:22:00 AM,STOP SIGN/FLASHER,CLEAR,DAYLIGHT,ANGLE,NOT DIVIDED,STRAIGHT AND LEVEL,DRY,NO DEFECTS,INJURY AND / OR TOW DUE TO CRASH,Y,"OVER $1,500",DISREGARDING STOP SIGN,3.0,NO INDICATION OF INJURY,0.0,0.0,0.0,0.0,0.0,3.0,10.0,5.0,7.0,CLEAR
04/24/2018 06:45:00 PM,TRAFFIC SIGNAL,CLEAR,DAYLIGHT,REAR END,NOT DIVIDED,STRAIGHT AND LEVEL,DRY,NO DEFECTS,NO INJURY / DRIVE AWAY,Y,"OVER $1,500",FOLLOWING TOO CLOSELY,2.0,NO INDICATION OF INJURY,0.0,0.0,0.0,0.0,0.0,3.0,18.0,3.0,4.0,CLEAR
01/22/2017 09:53:00 PM,STOP SIGN/FLASHER,FOG/SMOKE/HAZE,"DARKNESS, LIGHTED ROAD",ANGLE,NOT DIVIDED,STRAIGHT AND LEVEL,WET,NO DEFECTS,INJURY AND / OR TOW DUE TO CRASH,Y,"OVER $1,500",FAILING TO YIELD RIGHT-OF-WAY,2.0,NO INDICATION OF INJURY,0.0,0.0,0.0,0.0,0.0,4.0,21.0,1.0,1.0,Other
07/19/2019 07:29:00 PM,NO CONTROLS,CLEAR,DAYLIGHT,ANGLE,NOT DIVIDED,STRAIGHT AND LEVEL,DRY,NO DEFECTS,INJURY AND / OR TOW DUE TO CRASH,Y,"OVER $1,500",FAILING TO YIELD RIGHT-OF-WAY,2.0,NONINCAPACITATING INJURY,3.0,0.0,0.0,3.0,0.0,1.0,19.0,6.0,7.0,CLEAR
08/28/2020 05:20:00 PM,TRAFFIC SIGNAL,CLEAR,DAYLIGHT,REAR END,DIVIDED - W/MEDIAN BARRIER,STRAIGHT AND LEVEL,DRY,NO DEFECTS,INJURY AND / OR TOW DUE TO CRASH,Y,"$501 - $1,500",UNABLE TO DETERMINE,2.0,"REPORTED, NOT EVIDENT",1.0,0.0,0.0,0.0,1.0,2.0,17.0,6.0,8.0,CLEAR
11/12/2020 10:35:00 PM,NO CONTROLS,RAIN,DARKNESS,PARKED MOTOR VEHICLE,NOT DIVIDED,STRAIGHT AND LEVEL,WET,NO DEFECTS,INJURY AND / OR TOW DUE TO CRASH,Y,"OVER $1,500",FAILING TO REDUCE SPEED TO AVOID CRASH,3.0,NO INDICATION OF INJURY,0.0,0.0,0.0,0.0,0.0,2.0,22.0,5.0,11.0,RAIN
08/23/2019 06:41:00 PM,TRAFFIC SIGNAL,CLEAR,DAYLIGHT,TURNING,NOT DIVIDED,STRAIGHT AND LEVEL,DRY,NO DEFECTS,NO INJURY / DRIVE AWAY,N,"OVER $1,500",FAILING TO YIELD RIGHT-OF-WAY,2.0,NO INDICATION OF INJURY,0.0,0.0,0.0,0.0,0.0,2.0,18.0,6.0,8.0,CLEAR
06/02/2023 06:58:00 PM,TRAFFIC SIGNAL,CLEAR,DAYLIGHT,TURNING,FOUR WAY,STRAIGHT AND LEVEL,DRY,NO DEFECTS,NO INJURY / DRIVE AWAY,Y,"OVER $1,500",IMPROPER LANE USAGE,2.0,NO INDICATION OF INJURY,0.0,0.0,0.0,0.0,0.0,3.0,18.0,6.0,6.0,CLEAR
09/20/2018 05:00:00 PM,STOP SIGN/FLASHER,CLEAR,DAYLIGHT,ANGLE,OTHER,STRAIGHT AND LEVEL,DRY,NO DEFECTS,NO INJURY / DRIVE AWAY,Y,"OVER $1,500",FAILING TO YIELD RIGHT-OF-WAY,2.0,NO INDICATION OF INJURY,0.0,0.0,0.0,0.0,0.0,2.0,17.0,5.0,9.0,CLEAR
02/02/2022 08:58:00 AM,TRAFFIC SIGNAL,BLOWING SNOW,DAYLIGHT,REAR END,DIVIDED - W/MEDIAN (NOT RAISED),STRAIGHT ON HILLCREST,SNOW OR SLUSH,NO DEFECTS,NO INJURY / DRIVE AWAY,Y,"$501 - $1,500",WEATHER,2.0,NO INDICATION OF INJURY,0.0,0.0,0.0,0.0,0.0,2.0,8.0,4.0,2.0,Other
09/17/2021 01:25:00 PM,NO CONTROLS,CLEAR,DAYLIGHT,ANGLE,NOT DIVIDED,STRAIGHT AND LEVEL,DRY,NO DEFECTS,INJURY AND / OR TOW DUE TO CRASH,Y,"OVER $1,500",FAILING TO YIELD RIGHT-OF-WAY,2.0,NO INDICATION OF INJURY,0.0,0.0,0.0,0.0,0.0,2.0,13.0,6.0,9.0,CLEAR
02/22/2020 03:30:00 PM,TRAFFIC SIGNAL,CLEAR,DAYLIGHT,REAR END,FOUR WAY,STRAIGHT AND LEVEL,DRY,NO DEFECTS,NO INJURY / DRIVE AWAY,Y,"OVER $1,500",DRIVING SKILLS/KNOWLEDGE/EXPERIENCE,2.0,NO INDICATION OF INJURY,0.0,0.0,0.0,0.0,0.0,3.0,15.0,7.0,2.0,CLEAR
09/24/2019 04:40:00 PM,STOP SIGN/FLASHER,CLEAR,DAYLIGHT,TURNING,DIVIDED - W/MEDIAN (NOT RAISED),STRAIGHT AND LEVEL,DRY,NO DEFECTS,INJURY AND / OR TOW DUE TO CRASH,Y,"OVER $1,500",FAILING TO YIELD RIGHT-OF-WAY,3.0,NO INDICATION OF INJURY,0.0,0.0,0.0,0.0,0.0,4.0,16.0,3.0,9.0,CLEAR
11/08/2017 09:00:00 PM,TRAFFIC SIGNAL,CLEAR,"DARKNESS, LIGHTED ROAD",REAR END,NOT DIVIDED,STRAIGHT AND LEVEL,DRY,NO DEFECTS,NO INJURY / DRIVE AWAY,Y,"$501 - $1,500",UNABLE TO DETERMINE,2.0,NO INDICATION OF INJURY,0.0,0.0,0.0,0.0,0.0,2.0,21.0,4.0,11.0,CLEAR
09/16/2017 06:00:00 PM,STOP SIGN/FLASHER,CLEAR,DUSK,ANGLE,NOT DIVIDED,STRAIGHT AND LEVEL,DRY,UNKNOWN,INJURY AND / OR TOW DUE TO CRASH,Y,"OVER $1,500",DISREGARDING STOP SIGN,2.0,"REPORTED, NOT EVIDENT",2.0,0.0,0.0,0.0,2.0,2.0,18.0,7.0,9.0,CLEAR
05/08/2023 05:30:00 AM,STOP SIGN/FLASHER,CLEAR,DAYLIGHT,REAR END,FOUR WAY,STRAIGHT AND LEVEL,DRY,NO DEFECTS,NO INJURY / DRIVE AWAY,Y,"OVER $1,500",FAILING TO YIELD RIGHT-OF-WAY,2.0,NO INDICATION OF INJURY,0.0,0.0,0.0,0.0,0.0,3.0,5.0,2.0,5.0,CLEAR
07/12/2021 08:47:00 AM,TRAFFIC SIGNAL,CLOUDY/OVERCAST,DAYLIGHT,SIDESWIPE SAME DIRECTION,FOUR WAY,STRAIGHT ON GRADE,DRY,NO DEFECTS,INJURY AND / OR TOW DUE TO CRASH,Y,"$501 - $1,500",FAILING TO REDUCE SPEED TO AVOID CRASH,2.0,NONINCAPACITATING INJURY,1.0,0.0,0.0,1.0,0.0,4.0,8.0,2.0,7.0,CLOUDY/OVERCAST
09/16/2019 11:30:00 AM,NO CONTROLS,CLEAR,DAYLIGHT,SIDESWIPE SAME DIRECTION,NOT DIVIDED,STRAIGHT AND LEVEL,DRY,NO DEFECTS,NO INJURY / DRIVE AWAY,Y,"OVER $1,500",FAILING TO YIELD RIGHT-OF-WAY,2.0,NO INDICATION OF INJURY,0.0,0.0,0.0,0.0,0.0,2.0,11.0,2.0,9.0,CLEAR
06/16/2018 01:55:00 PM,STOP SIGN/FLASHER,CLEAR,DAYLIGHT,ANGLE,NOT DIVIDED,STRAIGHT AND LEVEL,DRY,UNKNOWN,NO INJURY / DRIVE AWAY,Y,"$501 - $1,500",UNABLE TO DETERMINE,2.0,NO INDICATION OF INJURY,0.0,0.0,0.0,0.0,0.0,2.0,13.0,7.0,6.0,CLEAR
11/24/2018 12:35:00 PM,TRAFFIC SIGNAL,CLOUDY/OVERCAST,DAYLIGHT,ANGLE,DIVIDED - W/MEDIAN (NOT RAISED),STRAIGHT AND LEVEL,DRY,NO DEFECTS,INJURY AND / OR TOW DUE TO CRASH,Y,"OVER $1,500",DISREGARDING TRAFFIC SIGNALS,2.0,NONINCAPACITATING INJURY,2.0,0.0,0.0,2.0,0.0,1.0,12.0,7.0,11.0,CLOUDY/OVERCAST
07/17/2021 01:35:00 AM,FLASHING CONTROL SIGNAL,CLEAR,"DARKNESS, LIGHTED ROAD",HEAD ON,FOUR WAY,STRAIGHT AND LEVEL,UNKNOWN,NO DEFECTS,INJURY AND / OR TOW DUE TO CRASH,Y,"OVER $1,500",UNABLE TO DETERMINE,2.0,NO INDICATION OF INJURY,0.0,0.0,0.0,0.0,0.0,2.0,1.0,7.0,7.0,CLEAR
12/06/2021 05:30:00 PM,TRAFFIC SIGNAL,CLEAR,"DARKNESS, LIGHTED ROAD",SIDESWIPE SAME DIRECTION,NOT DIVIDED,STRAIGHT AND LEVEL,DRY,NO DEFECTS,NO INJURY / DRIVE AWAY,Y,"$501 - $1,500",IMPROPER OVERTAKING/PASSING,2.0,NO INDICATION OF INJURY,0.0,0.0,0.0,0.0,0.0,3.0,17.0,2.0,12.0,CLEAR
05/25/2022 02:00:00 PM,TRAFFIC SIGNAL,CLEAR,DAYLIGHT,REAR END,T-INTERSECTION,STRAIGHT AND LEVEL,DRY,NO DEFECTS,NO INJURY / DRIVE AWAY,Y,"$501 - $1,500",EQUIPMENT - VEHICLE CONDITION,2.0,NO INDICATION OF INJURY,0.0,0.0,0.0,0.0,0.0,2.0,14.0,4.0,5.0,CLEAR
07/10/2020 02:55:00 AM,TRAFFIC SIGNAL,UNKNOWN,"DARKNESS, LIGHTED ROAD",PEDESTRIAN,FOUR WAY,STRAIGHT AND LEVEL,WET,UNKNOWN,INJURY AND / OR TOW DUE TO CRASH,Y,"OVER $1,500",UNABLE TO DETERMINE,2.0,FATAL,1.0,1.0,0.0,0.0,0.0,1.0,2.0,6.0,7.0,UNKNOWN
11/29/2019 05:11:00 PM,STOP SIGN/FLASHER,CLEAR,DUSK,PEDESTRIAN,FOUR WAY,STRAIGHT AND LEVEL,DRY,NO DEFECTS,INJURY AND / OR TOW DUE TO CRASH,Y,$500 OR LESS,FAILING TO YIELD RIGHT-OF-WAY,2.0,NONINCAPACITATING INJURY,1.0,0.0,0.0,1.0,0.0,1.0,17.0,6.0,11.0,CLEAR
11/12/2021 07:50:00 PM,UNKNOWN,RAIN,UNKNOWN,FIXED OBJECT,NOT DIVIDED,STRAIGHT AND LEVEL,WET,NO DEFECTS,INJURY AND / OR TOW DUE TO CRASH,Y,"OVER $1,500",UNABLE TO DETERMINE,1.0,NO INDICATION OF INJURY,0.0,0.0,0.0,0.0,0.0,1.0,19.0,6.0,11.0,RAIN
05/06/2022 05:35:00 PM,TRAFFIC SIGNAL,RAIN,DAYLIGHT,REAR END,NOT DIVIDED,STRAIGHT AND LEVEL,WET,NO DEFECTS,NO INJURY / DRIVE AWAY,Y,"OVER $1,500",WEATHER,2.0,NO INDICATION OF INJURY,0.0,0.0,0.0,0.0,0.0,2.0,17.0,6.0,5.0,RAIN
02/07/2022 02:30:00 PM,UNKNOWN,CLEAR,DAYLIGHT,PEDESTRIAN,NOT DIVIDED,STRAIGHT AND LEVEL,DRY,NO DEFECTS,INJURY AND / OR TOW DUE TO CRASH,Y,$500 OR LESS,DISREGARDING OTHER TRAFFIC SIGNS,2.0,"REPORTED, NOT EVIDENT",2.0,0.0,0.0,0.0,2.0,0.0,14.0,2.0,2.0,CLEAR
06/18/2021 09:00:00 AM,TRAFFIC SIGNAL,CLEAR,DAYLIGHT,REAR END,NOT DIVIDED,STRAIGHT AND LEVEL,DRY,NO DEFECTS,NO INJURY / DRIVE AWAY,Y,"OVER $1,500",NOT APPLICABLE,2.0,NO INDICATION OF INJURY,0.0,0.0,0.0,0.0,0.0,4.0,9.0,6.0,6.0,CLEAR
12/08/2019 04:20:00 AM,STOP SIGN/FLASHER,CLEAR,DARKNESS,ANGLE,T-INTERSECTION,STRAIGHT AND LEVEL,DRY,NO DEFECTS,INJURY AND / OR TOW DUE TO CRASH,Y,"OVER $1,500",DISREGARDING STOP SIGN,2.0,NONINCAPACITATING INJURY,1.0,0.0,0.0,1.0,0.0,2.0,4.0,1.0,12.0,CLEAR
07/24/2023 08:40:00 AM,TRAFFIC SIGNAL,UNKNOWN,UNKNOWN,REAR END,FOUR WAY,STRAIGHT AND LEVEL,UNKNOWN,UNKNOWN,NO INJURY / DRIVE AWAY,Y,"OVER $1,500",FOLLOWING TOO CLOSELY,2.0,NO INDICATION OF INJURY,0.0,0.0,0.0,0.0,0.0,2.0,8.0,2.0,7.0,UNKNOWN
04/25/2019 10:30:00 AM,TRAFFIC SIGNAL,CLEAR,DAYLIGHT,TURNING,T-INTERSECTION,STRAIGHT AND LEVEL,DRY,NO DEFECTS,NO INJURY / DRIVE AWAY,Y,"$501 - $1,500",UNABLE TO DETERMINE,2.0,NO INDICATION OF INJURY,0.0,0.0,0.0,0.0,0.0,2.0,10.0,5.0,4.0,CLEAR