crash_date,traffic_control_device,weather_condition,lighting_condition,first_crash_type,trafficway_type,alignment,roadway_surface_cond,road_defect,crash_type,intersection_related_i,damage,prim_contributory_cause,num_units,most_severe_injury,injuries_total,injuries_fatal,injuries_incapacitating,injuries_non_incapacitating,injuries_reported_not_evident,injuries_no_indication,crash_hour,crash_day_of_week,crash_month,weather_cond_clean
07/26/2019 08:15:00 PM,TRAFFIC SIGNAL,CLEAR,"DARKNESS, LIGHTED ROAD",TURNING,NOT DIVIDED,STRAIGHT AND LEVEL,DRY,NO DEFECTS,INJURY AND / OR TOW DUE TO CRASH,Y,"OVER $1,500",FAILING TO YIELD RIGHT-OF-WAY,3.0,NONINCAPACITATING INJURY,4.0,0.0,0.0,4.0,0.0,1.0,20.0,6.0,7.0,CLEAR
12/03/2022 10:10:00 AM,NO CONTROLS,CLEAR,DAYLIGHT,TURNING,L-INTERSECTION,STRAIGHT AND LEVEL,DRY,NO DEFECTS,NO INJURY / DRIVE AWAY,Y,"$501 - $1,500",IMPROPER BACKING,2.0,NO INDICATION OF INJURY,0.0,0.0,0.0,0.0,0.0,2.0,10.0,7.0,12.0,CLEAR
01/02/2020 03:50:00 PM,NO CONTROLS,CLEAR,DAYLIGHT,TURNING,DIVIDED - W/MEDIAN BARRIER,STRAIGHT AND LEVEL,DRY,NO DEFECTS,NO INJURY / DRIVE AWAY,Y,"OVER $1,500",FAILING TO YIELD RIGHT-OF-WAY,2.0,NO INDICATION OF INJURY,0.0,0.0,0.0,0.0,0.0,2.0,15.0,5.0,1.0,CLEAR
05/24/2017 04:05:00 PM,TRAFFIC SIGNAL,CLEAR,DAYLIGHT,SIDESWIPE SAME DIRECTION,DIVIDED - W/MEDIAN BARRIER,STRAIGHT AND LEVEL,DRY,UNKNOWN,NO INJURY / DRIVE AWAY,Y,"OVER $1,500",UNABLE TO DETERMINE,2.0,NO INDICATION OF INJURY,0.0,0.0,0.0,0.0,0.0,2.0,16.0,4.0,5.0,CLEAR
05/31/2016 02:20:00 PM,STOP SIGN/FLASHER,CLEAR,DAYLIGHT,SIDESWIPE SAME DIRECTION,DIVIDED - W/MEDIAN (NOT RAISED),STRAIGHT AND LEVEL,DRY,NO DEFECTS,NO INJURY / DRIVE AWAY,Y,"$501 - $1,500",UNABLE TO DETERMINE,2.0,NO INDICATION OF INJURY,0.0,0.0,0.0,0.0,0.0,2.0,14.0,3.0,5.0,CLEAR
12/08/2019 12:30:00 PM,TRAFFIC SIGNAL,CLEAR,DAYLIGHT,REAR END,DIVIDED - W/MEDIAN (NOT RAISED),STRAIGHT AND LEVEL,UNKNOWN,UNKNOWN,NO INJURY / DRIVE AWAY,Y,"$501 - $1,500",FOLLOWING TOO CLOSELY,2.0,NO INDICATION OF INJURY,0.0,0.0,0.0,0.0,0.0,2.0,12.0,1.0,12.0,CLEAR
07/08/2023 03:26:00 PM,NO CONTROLS,CLEAR,DAYLIGHT,TURNING,FOUR WAY,STRAIGHT AND LEVEL,DRY,UNKNOWN,INJURY AND / OR TOW DUE TO CRASH,Y,"OVER $1,500",FAILING TO YIELD RIGHT-OF-WAY,2.0,NO INDICATION OF INJURY,0.0,0.0,0.0,0.0,0.0,4.0,15.0,7.0,7.0,CLEAR
07/15/2023 09:32:00 PM,TRAFFIC SIGNAL,CLEAR,DUSK,REAR END,NOT DIVIDED,STRAIGHT AND LEVEL,DRY,NO DEFECTS,INJURY AND / OR TOW DUE TO CRASH,Y,"OVER $1,500",FAILING TO REDUCE SPEED TO AVOID CRASH,2.0,NO INDICATION OF INJURY,0.0,0.0,0.0,0.0,0.0,2.0,21.0,7.0,7.0,CLEAR
07/10/2018 07:10:00 AM,NO CONTROLS,CLEAR,DAYLIGHT,SIDESWIPE SAME DIRECTION,OTHER,STRAIGHT AND LEVEL,DRY,NO DEFECTS,NO INJURY / DRIVE AWAY,Y,"OVER $1,500",FAILING TO YIELD RIGHT-OF-WAY,2.0,NO INDICATION OF INJURY,0.0,0.0,0.0,0.0,0.0,2.0,7.0,3.0,7.0,CLEAR
02/11/2022 02:48:00 AM,TRAFFIC SIGNAL,SNOW,"DARKNESS, LIGHTED ROAD",REAR END,NOT DIVIDED,STRAIGHT AND LEVEL,SNOW OR SLUSH,NO DEFECTS,INJURY AND / OR TOW DUE TO CRASH,Y,"OVER $1,500",FOLLOWING TOO CLOSELY,2.0,NONINCAPACITATING INJURY,1.0,0.0,0.0,1.0,0.0,1.0,2.0,6.0,2.0,SNOW
03/19/2020 04:55:00 PM,STOP SIGN/FLASHER,RAIN,DAYLIGHT,HEAD ON,NOT DIVIDED,STRAIGHT AND LEVEL,WET,NO DEFECTS,NO INJURY / DRIVE AWAY,Y,$500 OR LESS,DRIVING SKILLS/KNOWLEDGE/EXPERIENCE,2.0,NO INDICATION OF INJURY,0.0,0.0,0.0,0.0,0.0,2.0,16.0,5.0,3.0,RAIN
12/18/2018 01:38:00 PM,TRAFFIC SIGNAL,CLEAR,DAYLIGHT,SIDESWIPE SAME DIRECTION,DIVIDED - W/MEDIAN BARRIER,"CURVE, LEVEL",DRY,NO DEFECTS,NO INJURY / DRIVE AWAY,Y,$500 OR LESS,IMPROPER OVERTAKING/PASSING,2.0,NO INDICATION OF INJURY,0.0,0.0,0.0,0.0,0.0,2.0,13.0,3.0,12.0,CLEAR
02/02/2018 06:05:00 PM,TRAFFIC SIGNAL,CLEAR,DAYLIGHT,ANGLE,OTHER,STRAIGHT AND LEVEL,DRY,NO DEFECTS,INJURY AND / OR TOW DUE TO CRASH,Y,"OVER $1,500",UNABLE TO DETERMINE,2.0,"REPORTED, NOT EVIDENT",2.0,0.0,0.0,0.0,2.0,0.0,18.0,6.0,2.0,CLEAR
12/21/2021 01:45:00 PM,PEDESTRIAN CROSSING SIGN,CLEAR,DAYLIGHT,PEDESTRIAN,ONE-WAY,STRAIGHT AND LEVEL,DRY,NO DEFECTS,INJURY AND / OR TOW DUE TO CRASH,Y,$500 OR LESS,UNABLE TO DETERMINE,2.0,"REPORTED, NOT EVIDENT",1.0,0.0,0.0,0.0,1.0,2.0,13.0,3.0,12.0,CLEAR
12/22/2022 03:15:00 PM,TRAFFIC SIGNAL,SNOW,DAYLIGHT,TURNING,FOUR WAY,STRAIGHT AND LEVEL,SNOW OR SLUSH,UNKNOWN,NO INJURY / DRIVE AWAY,Y,"OVER $1,500",WEATHER,2.0,NO INDICATION OF INJURY,0.0,0.0,0.0,0.0,0.0,2.0,15.0,5.0,12.0,SNOW
03/26/2021 11:05:00 AM,NO CONTROLS,CLOUDY/OVERCAST,DAYLIGHT,TURNING,PARKING LOT,STRAIGHT AND LEVEL,DRY,NO DEFECTS,NO INJURY / DRIVE AWAY,Y,"OVER $1,500",FAILING TO YIELD RIGHT-OF-WAY,2.0,NO INDICATION OF INJURY,0.0,0.0,0.0,0.0,0.0,2.0,11.0,6.0,3.0,CLOUDY/OVERCAST
04/28/2018 09:23:00 PM,STOP SIGN/FLASHER,CLEAR,DARKNESS,REAR END,ONE-WAY,STRAIGHT AND LEVEL,DRY,OTHER,NO INJURY / DRIVE AWAY,Y,"OVER $1,500",FOLLOWING TOO CLOSELY,3.0,NO INDICATION OF INJURY,0.0,0.0,0.0,0.0,0.0,3.0,21.0,7.0,4.0,CLEAR
01/21/2020 06:30:00 AM,TRAFFIC SIGNAL,CLEAR,DAWN,FIXED OBJECT,DIVIDED - W/MEDIAN (NOT RAISED),STRAIGHT AND LEVEL,DRY,NO DEFECTS,INJURY AND / OR TOW DUE TO CRASH,Y,"$501 - $1,500",UNABLE TO DETERMINE,1.0,NONINCAPACITATING INJURY,1.0,0.0,0.0,1.0,0.0,0.0,6.0,3.0,1.0,CLEAR
01/24/2022 09:30:00 AM,TRAFFIC SIGNAL,SNOW,DAYLIGHT,REAR END,NOT DIVIDED,STRAIGHT AND LEVEL,SNOW OR SLUSH,NO DEFECTS,NO INJURY / DRIVE AWAY,N,"OVER $1,500",FAILING TO REDUCE SPEED TO AVOID CRASH,2.0,NO INDICATION OF INJURY,0.0,0.0,0.0,0.0,0.0,3.0,9.0,2.0,1.0,SNOW
12/27/2019 10:43:00 AM,TRAFFIC SIGNAL,CLEAR,DAYLIGHT,TURNING,NOT DIVIDED,STRAIGHT AND LEVEL,DRY,NO DEFECTS,NO INJURY / DRIVE AWAY,Y,"$501 - $1,500",IMPROPER TURNING/NO SIGNAL,2.0,NO INDICATION OF INJURY,0.0,0.0,0.0,0.0,0.0,2.0,10.0,6.0,12.0,CLEAR
05/29/2022 12:40:00 PM,TRAFFIC SIGNAL,CLEAR,"DARKNESS, LIGHTED ROAD",ANGLE,FOUR WAY,STRAIGHT AND LEVEL,DRY,NO DEFECTS,NO INJURY / DRIVE AWAY,Y,"OVER $1,500",FAILING TO YIELD RIGHT-OF-WAY,2.0,NO INDICATION OF INJURY,0.0,0.0,0.0,0.0,0.0,3.0,12.0,1.0,5.0,CLEAR
05/03/2023 09:10:00 PM,TRAFFIC SIGNAL,CLEAR,"DARKNESS, LIGHTED ROAD",PEDALCYCLIST,DIVIDED - W/MEDIAN (NOT RAISED),STRAIGHT AND LEVEL,DRY,NO DEFECTS,INJURY AND / OR TOW DUE TO CRASH,Y,"OVER $1,500",UNABLE TO DETERMINE,2.0,NONINCAPACITATING INJURY,1.0,0.0,0.0,1.0,0.0,1.0,21.0,4.0,5.0,CLEAR
12/24/2019 06:40:00 PM,TRAFFIC SIGNAL,CLEAR,DARKNESS,TURNING,OTHER,STRAIGHT AND LEVEL,DRY,NO DEFECTS,NO INJURY / DRIVE AWAY,Y,"$501 - $1,500",IMPROPER TURNING/NO SIGNAL,2.0,NO INDICATION OF INJURY,0.0,0.0,0.0,0.0,0.0,2.0,18.0,3.0,12.0,CLEAR
02/07/2018 12:10:00 PM,TRAFFIC SIGNAL,SNOW,DAYLIGHT,REAR END,DIVIDED - W/MEDIAN (NOT RAISED),STRAIGHT AND LEVEL,SNOW OR SLUSH,UNKNOWN,INJURY AND / OR TOW DUE TO CRASH,Y,"OVER $1,500",FAILING TO REDUCE SPEED TO AVOID CRASH,2.0,NONINCAPACITATING INJURY,1.0,0.0,0.0,1.0,0.0,1.0,12.0,4.0,2.0,SNOW
02/16/2019 09:57:00 PM,TRAFFIC SIGNAL,UNKNOWN,UNKNOWN,REAR END,DIVIDED - W/MEDIAN (NOT RAISED),STRAIGHT AND LEVEL,UNKNOWN,UNKNOWN,NO INJURY / DRIVE AWAY,Y,"$501 - $1,500",UNABLE TO DETERMINE,2.0,NO INDICATION OF INJURY,0.0,0.0,0.0,0.0,0.0,5.0,21.0,7.0,2.0,UNKNOWN
08/09/2019 05:35:00 PM,TRAFFIC SIGNAL,CLEAR,DAYLIGHT,PEDESTRIAN,NOT DIVIDED,STRAIGHT AND LEVEL,DRY,NO DEFECTS,INJURY AND / OR TOW DUE TO CRASH,Y,"OVER $1,500",FAILING TO YIELD RIGHT-OF-WAY,2.0,NONINCAPACITATING INJURY,1.0,0.0,0.0,1.0,0.0,1.0,17.0,6.0,8.0,CLEAR
12/23/2020 04:30:00 PM,STOP SIGN/FLASHER,RAIN,"DARKNESS, LIGHTED ROAD",SIDESWIPE SAME DIRECTION,NOT DIVIDED,STRAIGHT AND LEVEL,WET,NO DEFECTS,NO INJURY / DRIVE AWAY,Y,"OVER $1,500",NOT APPLICABLE,2.0,NO INDICATION OF INJURY,0.0,0.0,0.0,0.0,0.0,2.0,16.0,4.0,12.0,RAIN
01/21/2020 10:00:00 PM,TRAFFIC SIGNAL,CLEAR,"DARKNESS, LIGHTED ROAD",TURNING,T-INTERSECTION,STRAIGHT AND LEVEL,WET,NO DEFECTS,INJURY AND / OR TOW DUE TO CRASH,Y,"OVER $1,500",UNABLE TO DETERMINE,2.0,NONINCAPACITATING INJURY,1.0,0.0,0.0,1.0,0.0,1.0,22.0,3.0,1.0,CLEAR
03/21/2020 06:45:00 AM,TRAFFIC SIGNAL,CLEAR,DAYLIGHT,TURNING,FOUR WAY,STRAIGHT AND LEVEL,DRY,NO DEFECTS,INJURY AND / OR TOW DUE TO CRASH,Y,"OVER $1,500",IMPROPER TURNING/NO SIGNAL,3.0,NONINCAPACITATING INJURY,1.0,0.0,0.0,1.0,0.0,2.0,6.0,7.0,3.0,CLEAR
05/08/2023 03:06:00 PM,TRAFFIC SIGNAL,RAIN,DAYLIGHT,ANGLE,NOT DIVIDED,STRAIGHT AND LEVEL,WET,NO DEFECTS,NO INJURY / DRIVE AWAY,Y,"OVER $1,500",DISREGARDING TRAFFIC SIGNALS,2.0,NO INDICATION OF INJURY,0.0,0.0,0.0,0.0,0.0,2.0,15.0,2.0,5.0,RAIN
10/14/2022 07:22:00 AM,TRAFFIC SIGNAL,CLEAR,DAYLIGHT,SIDESWIPE SAME DIRECTION,NOT DIVIDED,STRAIGHT AND LEVEL,DRY,NO DEFECTS,NO INJURY / DRIVE AWAY,Y,"$501 - $1,500",IMPROPER OVERTAKING/PASSING,2.0,NO INDICATION OF INJURY,0.0,0.0,0.0,0.0,0.0,3.0,7.0,6.0,10.0,CLEAR
05/13/2017 08:55:00 AM,TRAFFIC SIGNAL,CLEAR,DAYLIGHT,TURNING,NOT DIVIDED,STRAIGHT AND LEVEL,DRY,NO DEFECTS,NO INJURY / DRIVE AWAY,Y,"OVER $1,500",FAILING TO YIELD RIGHT-OF-WAY,2.0,NO INDICATION OF INJURY,0.0,0.0,0.0,0.0,0.0,2.0,8.0,7.0,5.0,CLEAR
02/08/2020 08:05:00 PM,TRAFFIC SIGNAL,CLEAR,"DARKNESS, LIGHTED ROAD",TURNING,UNKNOWN INTERSECTION TYPE,STRAIGHT AND LEVEL,UNKNOWN,NO DEFECTS,INJURY AND / OR TOW DUE TO CRASH,Y,"OVER $1,500",FAILING TO REDUCE SPEED TO AVOID CRASH,2.0,NO INDICATION OF INJURY,0.0,0.0,0.0,0.0,0.0,2.0,20.0,7.0,2.0,CLEAR
11/02/2015 12:46:00 AM,NO CONTROLS,CLEAR,"DARKNESS, LIGHTED ROAD",FIXED OBJECT,DIVIDED - W/MEDIAN BARRIER,STRAIGHT AND LEVEL,DRY,NO DEFECTS,INJURY AND / OR TOW DUE TO CRASH,Y,"OVER $1,500","OPERATING VEHICLE IN ERRATIC, RECKLESS, CARELESS, NEGLIGENT OR AGGRESSIVE MANNER",1.0,NO INDICATION OF INJURY,0.0,0.0,0.0,0.0,0.0,2.0,0.0,2.0,11.0,CLEAR
07/29/2022 04:10:00 AM,TRAFFIC SIGNAL,CLEAR,"DARKNESS, LIGHTED ROAD",TURNING,NOT DIVIDED,STRAIGHT AND LEVEL,DRY,NO DEFECTS,NO INJURY / DRIVE AWAY,Y,"OVER $1,500",FOLLOWING TOO CLOSELY,2.0,NO INDICATION OF INJURY,0.0,0.0,0.0,0.0,0.0,2.0,4.0,6.0,7.0,CLEAR
11/19/2020 11:25:00 AM,STOP SIGN/FLASHER,CLEAR,DAYLIGHT,SIDESWIPE SAME DIRECTION,FOUR WAY,STRAIGHT AND LEVEL,DRY,NO DEFECTS,NO INJURY / DRIVE AWAY,Y,$500 OR LESS,UNABLE TO DETERMINE,2.0,NO INDICATION OF INJURY,0.0,0.0,0.0,0.0,0.0,2.0,11.0,5.0,11.0,CLEAR
11/18/2017 08:50:00 AM,TRAFFIC SIGNAL,RAIN,DAYLIGHT,REAR END,DIVIDED - W/MEDIAN (NOT RAISED),STRAIGHT AND LEVEL,WET,NO DEFECTS,INJURY AND / OR TOW DUE TO CRASH,Y,"$501 - $1,500",FOLLOWING TOO CLOSELY,2.0,NO INDICATION OF INJURY,0.0,0.0,0.0,0.0,0.0,2.0,8.0,7.0,11.0,RAIN
04/11/2018 08:37:00 AM,TRAFFIC SIGNAL,CLEAR,DAYLIGHT,SIDESWIPE SAME DIRECTION,NOT DIVIDED,STRAIGHT AND LEVEL,DRY,NO DEFECTS,INJURY AND / OR TOW DUE TO CRASH,Y,"OVER $1,500",FAILING TO YIELD RIGHT-OF-WAY,2.0,NONINCAPACITATING INJURY,1.0,0.0,0.0,1.0,0.0,8.0,8.0,4.0,4.0,CLEAR
10/08/2018 02:30:00 AM,TRAFFIC SIGNAL,RAIN,"DARKNESS, LIGHTED ROAD",REAR END,NOT DIVIDED,STRAIGHT AND LEVEL,WET,UNKNOWN,NO INJURY / DRIVE AWAY,Y,"OVER $1,500",FOLLOWING TOO CLOSELY,2.0,NO INDICATION OF INJURY,0.0,0.0,0.0,0.0,0.0,3.0,2.0,2.0,10.0,RAIN
05/31/2016 04:00:00 PM,TRAFFIC SIGNAL,RAIN,DAYLIGHT,REAR END,NOT DIVIDED,STRAIGHT AND LEVEL,WET,NO DEFECTS,NO INJURY / DRIVE AWAY,Y,"$501 - $1,500",UNABLE TO DETERMINE,2.0,NO INDICATION OF INJURY,0.0,0.0,0.0,0.0,0.0,2.0,16.0,3.0,5.0,RAIN
10/08/2022 06:45:00 PM,NO CONTROLS,CLEAR,"DARKNESS, LIGHTED ROAD",ANGLE,FOUR WAY,STRAIGHT AND LEVEL,DRY,NO DEFECTS,NO INJURY / DRIVE AWAY,Y,"OVER $1,500",FAILING TO YIELD RIGHT-OF-WAY,2.0,NO INDICATION OF INJURY,0.0,0.0,0.0,0.0,0.0,2.0,18.0,7.0,10.0,CLEAR
12/31/2017 01:30:00 PM,TRAFFIC SIGNAL,CLEAR,DAYLIGHT,SIDESWIPE SAME DIRECTION,NOT DIVIDED,STRAIGHT AND LEVEL,DRY,NO DEFECTS,NO INJURY / DRIVE AWAY,Y,$500 OR LESS,EQUIPMENT - VEHICLE CONDITION,2.0,NO INDICATION OF INJURY,0.0,0.0,0.0,0.0,0.0,2.0,13.0,1.0,12.0,CLEAR
07/31/2017 06:45:00 PM,TRAFFIC SIGNAL,CLEAR,DAYLIGHT,REAR END,NOT DIVIDED,STRAIGHT AND LEVEL,DRY,NO DEFECTS,INJURY AND / OR TOW DUE TO CRASH,Y,$500 OR LESS,FOLLOWING TOO CLOSELY,2.0,"REPORTED, NOT EVIDENT",1.0,0.0,0.0,0.0,1.0,1.0,18.0,2.0,7.0,CLEAR
08/29/2020 02:58:00 PM,TRAFFIC SIGNAL,CLEAR,DAYLIGHT,SIDESWIPE SAME DIRECTION,NOT DIVIDED,STRAIGHT AND LEVEL,DRY,NO DEFECTS,INJURY AND / OR TOW DUE TO CRASH,Y,"OVER $1,500",UNABLE TO DETERMINE,5.0,"REPORTED, NOT EVIDENT",1.0,0.0,0.0,0.0,1.0,11.0,14.0,7.0,8.0,CLEAR
07/05/2019 12:00:00 PM,TRAFFIC SIGNAL,CLEAR,DAYLIGHT,TURNING,FOUR WAY,STRAIGHT ON GRADE,DRY,NO DEFECTS,INJURY AND / OR TOW DUE TO CRASH,Y,"OVER $1,500",IMPROPER TURNING/NO SIGNAL,2.0,"REPORTED, NOT EVIDENT",1.0,0.0,0.0,0.0,1.0,1.0,12.0,6.0,7.0,CLEAR
03/22/2023 06:25:00 AM,STOP SIGN/FLASHER,CLOUDY/OVERCAST,DAWN,TURNING,FOUR WAY,STRAIGHT AND LEVEL,DRY,NO DEFECTS,NO INJURY / DRIVE AWAY,Y,$500 OR LESS,IMPROPER TURNING/NO SIGNAL,2.0,NO INDICATION OF INJURY,0.0,0.0,0.0,0.0,0.0,2.0,6.0,4.0,3.0,CLOUDY/OVERCAST
11/12/2015 05:55:00 AM,STOP SIGN/FLASHER,RAIN,"DARKNESS, LIGHTED ROAD",TURNING,OTHER,STRAIGHT AND LEVEL,WET,NO DEFECTS,NO INJURY / DRIVE AWAY,Y,"OVER $1,500",FAILING TO YIELD RIGHT-OF-WAY,2.0,NO INDICATION OF INJURY,0.0,0.0,0.0,0.0,0.0,2.0,5.0,5.0,11.0,RAIN
08/21/2019 08:55:00 AM,TRAFFIC SIGNAL,CLEAR,DAYLIGHT,TURNING,FOUR WAY,STRAIGHT AND LEVEL,DRY,NO DEFECTS,INJURY AND / OR TOW DUE TO CRASH,Y,"OVER $1,500",DISREGARDING TRAFFIC SIGNALS,2.0,"REPORTED, NOT EVIDENT",2.0,0.0,0.0,0.0,2.0,0.0,8.0,4.0,8.0,CLEAR
03/22/2019 07:15:00 AM,STOP SIGN/FLASHER,CLEAR,DAYLIGHT,TURNING,DIVIDED - W/MEDIAN (NOT RAISED),STRAIGHT ON GRADE,DRY,NO DEFECTS,NO INJURY / DRIVE AWAY,Y,"OVER $1,500",DRIVING SKILLS/KNOWLEDGE/EXPERIENCE,2.0,NO INDICATION OF INJURY,0.0,0.0,0.0,0.0,0.0,2.0,7.0,6.0,3.0,CLEAR
01/05/2019 05:58:00 PM,TRAFFIC SIGNAL,CLEAR,"DARKNESS, LIGHTED ROAD",REAR END,ONE-WAY,STRAIGHT AND LEVEL,DRY,NO DEFECTS,INJURY AND / OR TOW DUE TO CRASH,Y,"OVER $1,500",FOLLOWING TOO CLOSELY,2.0,"REPORTED, NOT EVIDENT",1.0,0.0,0.0,0.0,1.0,2.0,17.0,7.0,1.0,CLEAR
04/27/2020 08:50:00 PM,TRAFFIC SIGNAL,RAIN,"DARKNESS, LIGHTED ROAD",REAR END,FOUR WAY,STRAIGHT AND LEVEL,WET,NO DEFECTS,NO INJURY / DRIVE AWAY,Y,"OVER $1,500",UNABLE TO DETERMINE,2.0,NO INDICATION OF INJURY,0.0,0.0,0.0,0.0,0.0,2.0,20.0,2.0,4.0,RAIN
03/17/2022 03:00:00 PM,TRAFFIC SIGNAL,CLEAR,DAYLIGHT,TURNING,NOT DIVIDED,STRAIGHT AND LEVEL,DRY,NO DEFECTS,NO INJURY / DRIVE AWAY,Y,"OVER $1,500",FAILING TO YIELD RIGHT-OF-WAY,2.0,NO INDICATION OF INJURY,0.0,0.0,0.0,0.0,0.0,2.0,15.0,5.0,3.0,CLEAR
01/02/2023 06:25:00 PM,TRAFFIC SIGNAL,RAIN,"DARKNESS, LIGHTED ROAD",REAR TO FRONT,DIVIDED - W/MEDIAN BARRIER,STRAIGHT AND LEVEL,WET,NO DEFECTS,NO INJURY / DRIVE AWAY,Y,"$501 - $1,500",IMPROPER BACKING,2.0,NO INDICATION OF INJURY,0.0,0.0,0.0,0.0,0.0,3.0,18.0,2.0,1.0,RAIN
04/30/2019 11:30:00 PM,NO CONTROLS,RAIN,"DARKNESS, LIGHTED ROAD",TURNING,PARKING LOT,STRAIGHT AND LEVEL,WET,NO DEFECTS,NO INJURY / DRIVE AWAY,N,"OVER $1,500",UNABLE TO DETERMINE,2.0,NO INDICATION OF INJURY,0.0,0.0,0.0,0.0,0.0,2.0,23.0,3.0,4.0,RAIN
11/16/2018 02:15:00 PM,TRAFFIC SIGNAL,CLEAR,DAYLIGHT,TURNING,NOT DIVIDED,STRAIGHT AND LEVEL,DRY,NO DEFECTS,INJURY AND / OR TOW DUE TO CRASH,Y,"OVER $1,500",UNABLE TO DETERMINE,2.0,NO INDICATION OF INJURY,0.0,0.0,0.0,0.0,0.0,2.0,14.0,6.0,11.0,CLEAR
07/04/2021 05:03:00 AM,TRAFFIC SIGNAL,CLEAR,DAWN,TURNING,T-INTERSECTION,STRAIGHT AND LEVEL,DRY,NO DEFECTS,INJURY AND / OR TOW DUE TO CRASH,Y,"OVER $1,500",NOT APPLICABLE,2.0,INCAPACITATING INJURY,1.0,0.0,1.0,0.0,0.0,1.0,5.0,1.0,7.0,CLEAR
08/06/2017 08:20:00 PM,STOP SIGN/FLASHER,CLEAR,"DARKNESS, LIGHTED ROAD",TURNING,DIVIDED - W/MEDIAN BARRIER,STRAIGHT AND LEVEL,DRY,NO DEFECTS,NO INJURY / DRIVE AWAY,Y,"$501 - $1,500",UNABLE TO DETERMINE,2.0,NO INDICATION OF INJURY,0.0,0.0,0.0,0.0,0.0,3.0,20.0,1.0,8.0,CLEAR
06/05/2020 03:36:00 PM,TRAFFIC SIGNAL,CLEAR,DAYLIGHT,TURNING,T-INTERSECTION,STRAIGHT AND LEVEL,DRY,NO DEFECTS,INJURY AND / OR TOW DUE TO CRASH,Y,"$501 - $1,500",IMPROPER TURNING/NO SIGNAL,2.0,INCAPACITATING INJURY,2.0,0.0,1.0,1.0,0.0,0.0,15.0,6.0,6.0,CLEAR
02/20/2018 06:44:00 PM,TRAFFIC SIGNAL,RAIN,"DARKNESS, LIGHTED ROAD",SIDESWIPE SAME DIRECTION,DIVIDED - W/MEDIAN (NOT RAISED),STRAIGHT AND LEVEL,WET,NO DEFECTS,NO INJURY / DRIVE AWAY,Y,$500 OR LESS,IMPROPER OVERTAKING/PASSING,2.0,NO INDICATION OF INJURY,0.0,0.0,0.0,0.0,0.0,4.0,18.0,3.0,2.0,RAIN
01/01/2021 09:00:00 PM,TRAFFIC SIGNAL,SNOW,DARKNESS,REAR END,ONE-WAY,STRAIGHT AND LEVEL,SNOW OR SLUSH,NO DEFECTS,INJURY AND / OR TOW DUE TO CRASH,Y,"OVER $1,500",WEATHER,3.0,"REPORTED, NOT EVIDENT",1.0,0.0,0.0,0.0,1.0,2.0,21.0,6.0,1.0,SNOW
04/22/2018 06:22:00 AM,TRAFFIC SIGNAL,CLEAR,"DARKNESS, LIGHTED ROAD",PARKED MOTOR VEHICLE,NOT DIVIDED,STRAIGHT AND LEVEL,DRY,NO DEFECTS,INJURY AND / OR TOW DUE TO CRASH,Y,"OVER $1,500",EQUIPMENT - VEHICLE CONDITION,3.0,NO INDICATION OF INJURY,0.0,0.0,0.0,0.0,0.0,1.0,6.0,1.0,4.0,CLEAR
05/16/2023 04:10:00 PM,STOP SIGN/FLASHER,CLEAR,DAYLIGHT,ANGLE,ONE-WAY,STRAIGHT AND LEVEL,DRY,NO DEFECTS,NO INJURY / DRIVE AWAY,Y,"OVER $1,500",DISTRACTION - FROM OUTSIDE VEHICLE,2.0,NO INDICATION OF INJURY,0.0,0.0,0.0,0.0,0.0,2.0,16.0,3.0,5.0,CLEAR
02/22/2020 01:49:00 PM,NO CONTROLS,CLEAR,DAYLIGHT,ANGLE,NOT DIVIDED,STRAIGHT AND LEVEL,DRY,NO DEFECTS,INJURY AND / OR TOW DUE TO CRASH,Y,"OVER $1,500",FAILING TO YIELD RIGHT-OF-WAY,2.0,NO INDICATION OF INJURY,0.0,0.0,0.0,0.0,0.0,2.0,13.0,7.0,2.0,CLEAR
07/07/2023 04:05:00 PM,TRAFFIC SIGNAL,CLEAR,DAYLIGHT,ANGLE,FOUR WAY,STRAIGHT AND LEVEL,DRY,NO DEFECTS,NO INJURY / DRIVE AWAY,Y,"OVER $1,500",DISREGARDING TRAFFIC SIGNALS,2.0,NO INDICATION OF INJURY,0.0,0.0,0.0,0.0,0.0,2.0,16.0,6.0,7.0,CLEAR
07/05/2017 04:42:00 PM,TRAFFIC SIGNAL,CLEAR,DAYLIGHT,TURNING,NOT DIVIDED,STRAIGHT AND LEVEL,DRY,NO DEFECTS,NO INJURY / DRIVE AWAY,Y,"$501 - $1,500",IMPROPER OVERTAKING/PASSING,2.0,NO INDICATION OF INJURY,0.0,0.0,0.0,0.0,0.0,2.0,16.0,4.0,7.0,CLEAR
10/28/2020 12:43:00 PM,NO CONTROLS,CLEAR,DAYLIGHT,SIDESWIPE SAME DIRECTION,CENTER TURN LANE,STRAIGHT AND LEVEL,DRY,NO DEFECTS,NO INJURY / DRIVE AWAY,Y,"OVER $1,500",UNABLE TO DETERMINE,2.0,NO INDICATION OF INJURY,0.0,0.0,0.0,0.0,0.0,2.0,12.0,4.0,10.0,CLEAR
09/11/2019 08:00:00 PM,UNKNOWN,CLEAR,DAWN,SIDESWIPE SAME DIRECTION,FOUR WAY,STRAIGHT AND LEVEL,DRY,UNKNOWN,NO INJURY / DRIVE AWAY,N,"OVER $1,500",NOT APPLICABLE,2.0,NO INDICATION OF INJURY,0.0,0.0,0.0,0.0,0.0,2.0,20.0,4.0,9.0,CLEAR