crash_date,traffic_control_device,weather_condition,lighting_condition,first_crash_type,trafficway_type,alignment,roadway_surface_cond,road_defect,crash_type,intersection_related_i,damage,prim_contributory_cause,num_units,most_severe_injury,injuries_total,injuries_fatal,injuries_incapacitating,injuries_non_incapacitating,injuries_reported_not_evident,injuries_no_indication,crash_hour,crash_day_of_week,crash_month,weather_cond_clean
12/17/2018 01:30:00 AM,TRAFFIC SIGNAL,CLEAR,"DARKNESS, LIGHTED ROAD",TURNING,DIVIDED - W/MEDIAN (NOT RAISED),STRAIGHT AND LEVEL,DRY,NO DEFECTS,INJURY AND / OR TOW DUE TO CRASH,Y,"OVER $1,500",FAILING TO YIELD RIGHT-OF-WAY,2.0,NO INDICATION OF INJURY,0.0,0.0,0.0,0.0,0.0,2.0,1.0,2.0,12.0,CLEAR
10/29/2022 08:00:00 AM,TRAFFIC SIGNAL,CLEAR,DAYLIGHT,TURNING,DIVIDED - W/MEDIAN (NOT RAISED),STRAIGHT AND LEVEL,DRY,NO DEFECTS,NO INJURY / DRIVE AWAY,Y,"OVER $1,500",UNABLE TO DETERMINE,2.0,NO INDICATION OF INJURY,0.0,0.0,0.0,0.0,0.0,2.0,8.0,7.0,10.0,CLEAR
07/19/2023 04:45:00 AM,TRAFFIC SIGNAL,CLEAR,DAYLIGHT,SIDESWIPE SAME DIRECTION,ONE-WAY,STRAIGHT AND LEVEL,DRY,NO DEFECTS,NO INJURY / DRIVE AWAY,Y,"OVER $1,500",IMPROPER OVERTAKING/PASSING,2.0,NO INDICATION OF INJURY,0.0,0.0,0.0,0.0,0.0,2.0,4.0,4.0,7.0,CLEAR
06/03/2020 11:20:00 PM,TRAFFIC SIGNAL,CLEAR,"DARKNESS, LIGHTED ROAD",TURNING,T-INTERSECTION,"CURVE, LEVEL",DRY,NO DEFECTS,INJURY AND / OR TOW DUE TO CRASH,Y,"OVER $1,500",IMPROPER TURNING/NO SIGNAL,2.0,NONINCAPACITATING INJURY,3.0,0.0,0.0,3.0,0.0,0.0,23.0,4.0,6.0,CLEAR
01/17/2019 11:00:00 AM,TRAFFIC SIGNAL,CLEAR,DAYLIGHT,SIDESWIPE SAME DIRECTION,NOT DIVIDED,STRAIGHT AND LEVEL,DRY,NO DEFECTS,NO INJURY / DRIVE AWAY,Y,"$501 - $1,500",UNABLE TO DETERMINE,2.0,NO INDICATION OF INJURY,0.0,0.0,0.0,0.0,0.0,2.0,11.0,5.0,1.0,CLEAR
06/03/2023 12:30:00 AM,TRAFFIC SIGNAL,CLEAR,"DARKNESS, LIGHTED ROAD",TURNING,FOUR WAY,STRAIGHT AND LEVEL,DRY,NO DEFECTS,NO INJURY / DRIVE AWAY,Y,"OVER $1,500",FAILING TO YIELD RIGHT-OF-WAY,2.0,NO INDICATION OF INJURY,0.0,0.0,0.0,0.0,0.0,5.0,0.0,7.0,6.0,CLEAR
11/12/2017 01:00:00 PM,TRAFFIC SIGNAL,RAIN,DAYLIGHT,REAR END,ONE-WAY,STRAIGHT AND LEVEL,WET,NO DEFECTS,NO INJURY / DRIVE AWAY,Y,"OVER $1,500",UNABLE TO DETERMINE,2.0,NO INDICATION OF INJURY,0.0,0.0,0.0,0.0,0.0,3.0,13.0,1.0,11.0,RAIN
08/04/2018 09:33:00 PM,TRAFFIC SIGNAL,CLEAR,"DARKNESS, LIGHTED ROAD",TURNING,CENTER TURN LANE,STRAIGHT AND LEVEL,DRY,NO DEFECTS,INJURY AND / OR TOW DUE TO CRASH,Y,"$501 - $1,500",FAILING TO YIELD RIGHT-OF-WAY,2.0,NO INDICATION OF INJURY,0.0,0.0,0.0,0.0,0.0,2.0,21.0,7.0,8.0,CLEAR
11/17/2022 01:48:00 AM,TRAFFIC SIGNAL,CLEAR,"DARKNESS, LIGHTED ROAD",REAR END,T-INTERSECTION,STRAIGHT AND LEVEL,DRY,NO DEFECTS,INJURY AND / OR TOW DUE TO CRASH,Y,"OVER $1,500",UNABLE TO DETERMINE,3.0,NO INDICATION OF INJURY,0.0,0.0,0.0,0.0,0.0,3.0,1.0,5.0,11.0,CLEAR
01/18/2017 05:30:00 PM,TRAFFIC SIGNAL,CLEAR,DAYLIGHT,SIDESWIPE SAME DIRECTION,NOT DIVIDED,STRAIGHT AND LEVEL,DRY,NO DEFECTS,NO INJURY / DRIVE AWAY,Y,"OVER $1,500",UNABLE TO DETERMINE,2.0,NO INDICATION OF INJURY,0.0,0.0,0.0,0.0,0.0,2.0,17.0,4.0,1.0,CLEAR
07/01/2022 11:15:00 PM,STOP SIGN/FLASHER,CLEAR,DARKNESS,ANGLE,FOUR WAY,STRAIGHT AND LEVEL,DRY,NO DEFECTS,NO INJURY / DRIVE AWAY,Y,"OVER $1,500",DRIVING ON WRONG SIDE/WRONG WAY,2.0,NO INDICATION OF INJURY,0.0,0.0,0.0,0.0,0.0,2.0,23.0,6.0,7.0,CLEAR
12/30/2015 05:35:00 AM,TRAFFIC SIGNAL,CLEAR,"DARKNESS, LIGHTED ROAD",TURNING,ONE-WAY,STRAIGHT AND LEVEL,DRY,NO DEFECTS,NO INJURY / DRIVE AWAY,Y,"OVER $1,500",IMPROPER LANE USAGE,2.0,NO INDICATION OF INJURY,0.0,0.0,0.0,0.0,0.0,2.0,5.0,4.0,12.0,CLEAR
07/25/2021 11:23:00 AM,TRAFFIC SIGNAL,CLEAR,DAYLIGHT,TURNING,DIVIDED - W/MEDIAN (NOT RAISED),STRAIGHT AND LEVEL,DRY,NO DEFECTS,NO INJURY / DRIVE AWAY,Y,"OVER $1,500",FAILING TO YIELD RIGHT-OF-WAY,2.0,NO INDICATION OF INJURY,0.0,0.0,0.0,0.0,0.0,2.0,11.0,1.0,7.0,CLEAR
07/06/2016 08:35:00 AM,TRAFFIC SIGNAL,RAIN,DAYLIGHT,TURNING,ONE-WAY,STRAIGHT AND LEVEL,WET,NO DEFECTS,NO INJURY / DRIVE AWAY,Y,"OVER $1,500",IMPROPER TURNING/NO SIGNAL,2.0,NO INDICATION OF INJURY,0.0,0.0,0.0,0.0,0.0,3.0,8.0,4.0,7.0,RAIN
07/18/2019 05:00:00 PM,TRAFFIC SIGNAL,CLEAR,DAYLIGHT,REAR END,NOT DIVIDED,STRAIGHT AND LEVEL,DRY,NO DEFECTS,NO INJURY / DRIVE AWAY,Y,"$501 - $1,500",UNABLE TO DETERMINE,2.0,NO INDICATION OF INJURY,0.0,0.0,0.0,0.0,0.0,2.0,17.0,5.0,7.0,CLEAR
05/09/2019 06:30:00 PM,TRAFFIC SIGNAL,CLEAR,DAYLIGHT,REAR END,ONE-WAY,STRAIGHT AND LEVEL,DRY,NO DEFECTS,NO INJURY / DRIVE AWAY,Y,"OVER $1,500","OPERATING VEHICLE IN ERRATIC, RECKLESS, CARELESS, NEGLIGENT OR AGGRESSIVE MANNER",2.0,NO INDICATION OF INJURY,0.0,0.0,0.0,0.0,0.0,2.0,18.0,5.0,5.0,CLEAR
01/05/2018 12:15:00 PM,TRAFFIC SIGNAL,CLEAR,DAYLIGHT,REAR END,NOT DIVIDED,STRAIGHT AND LEVEL,DRY,NO DEFECTS,NO INJURY / DRIVE AWAY,Y,"$501 - $1,500",FAILING TO YIELD RIGHT-OF-WAY,2.0,NO INDICATION OF INJURY,0.0,0.0,0.0,0.0,0.0,2.0,12.0,6.0,1.0,CLEAR
10/23/2016 08:00:00 AM,TRAFFIC SIGNAL,CLEAR,DAYLIGHT,TURNING,DIVIDED - W/MEDIAN (NOT RAISED),STRAIGHT AND LEVEL,UNKNOWN,UNKNOWN,NO INJURY / DRIVE AWAY,Y,"$501 - $1,500",UNABLE TO DETERMINE,2.0,NO INDICATION OF INJURY,0.0,0.0,0.0,0.0,0.0,3.0,8.0,1.0,10.0,CLEAR
03/05/2020 05:40:00 PM,TRAFFIC SIGNAL,CLEAR,"DARKNESS, LIGHTED ROAD",SIDESWIPE SAME DIRECTION,NOT DIVIDED,STRAIGHT AND LEVEL,DRY,NO DEFECTS,NO INJURY / DRIVE AWAY,Y,"$501 - $1,500",UNABLE TO DETERMINE,2.0,NO INDICATION OF INJURY,0.0,0.0,0.0,0.0,0.0,2.0,17.0,5.0,3.0,CLEAR
10/22/2022 12:16:00 AM,TRAFFIC SIGNAL,CLEAR,DARKNESS,ANGLE,NOT DIVIDED,STRAIGHT AND LEVEL,DRY,NO DEFECTS,INJURY AND / OR TOW DUE TO CRASH,Y,"OVER $1,500",DISREGARDING TRAFFIC SIGNALS,2.0,NO INDICATION OF INJURY,0.0,0.0,0.0,0.0,0.0,5.0,0.0,7.0,10.0,CLEAR
11/14/2021 02:05:00 AM,NO CONTROLS,FREEZING RAIN/DRIZZLE,"DARKNESS, LIGHTED ROAD",TURNING,NOT DIVIDED,STRAIGHT AND LEVEL,WET,NO DEFECTS,NO INJURY / DRIVE AWAY,Y,"OVER $1,500",UNABLE TO DETERMINE,2.0,NO INDICATION OF INJURY,0.0,0.0,0.0,0.0,0.0,2.0,2.0,1.0,11.0,Other
11/09/2016 06:40:00 PM,NO CONTROLS,CLEAR,"DARKNESS, LIGHTED ROAD",TURNING,ONE-WAY,STRAIGHT AND LEVEL,DRY,SHOULDER DEFECT,NO INJURY / DRIVE AWAY,Y,$500 OR LESS,UNABLE TO DETERMINE,2.0,NO INDICATION OF INJURY,0.0,0.0,0.0,0.0,0.0,2.0,18.0,4.0,11.0,CLEAR
05/25/2022 10:26:00 PM,STOP SIGN/FLASHER,CLEAR,"DARKNESS, LIGHTED ROAD",ANGLE,FOUR WAY,STRAIGHT AND LEVEL,DRY,NO DEFECTS,INJURY AND / OR TOW DUE TO CRASH,Y,"OVER $1,500",DISREGARDING STOP SIGN,4.0,NO INDICATION OF INJURY,0.0,0.0,0.0,0.0,0.0,3.0,22.0,4.0,5.0,CLEAR
04/22/2023 12:35:00 AM,NO CONTROLS,CLEAR,"DARKNESS, LIGHTED ROAD",REAR END,FOUR WAY,STRAIGHT AND LEVEL,DRY,NO DEFECTS,INJURY AND / OR TOW DUE TO CRASH,Y,"$501 - $1,500",FOLLOWING TOO CLOSELY,2.0,NONINCAPACITATING INJURY,2.0,0.0,0.0,2.0,0.0,1.0,0.0,7.0,4.0,CLEAR
01/17/2020 10:55:00 AM,NO CONTROLS,CLEAR,DAYLIGHT,REAR END,DIVIDED - W/MEDIAN (NOT RAISED),STRAIGHT AND LEVEL,DRY,NO DEFECTS,INJURY AND / OR TOW DUE TO CRASH,Y,"OVER $1,500",UNABLE TO DETERMINE,3.0,NO INDICATION OF INJURY,0.0,0.0,0.0,0.0,0.0,4.0,10.0,6.0,1.0,CLEAR
04/08/2020 11:30:00 PM,STOP SIGN/FLASHER,CLEAR,"DARKNESS, LIGHTED ROAD",ANGLE,T-INTERSECTION,STRAIGHT AND LEVEL,DRY,NO DEFECTS,INJURY AND / OR TOW DUE TO CRASH,Y,"OVER $1,500",FAILING TO YIELD RIGHT-OF-WAY,2.0,NONINCAPACITATING INJURY,1.0,0.0,0.0,1.0,0.0,2.0,23.0,4.0,4.0,CLEAR
09/08/2021 07:40:00 AM,TRAFFIC SIGNAL,CLEAR,DAYLIGHT,SIDESWIPE SAME DIRECTION,NOT DIVIDED,STRAIGHT AND LEVEL,DRY,NO DEFECTS,INJURY AND / OR TOW DUE TO CRASH,Y,"OVER $1,500",IMPROPER OVERTAKING/PASSING,2.0,NO INDICATION OF INJURY,0.0,0.0,0.0,0.0,0.0,2.0,7.0,4.0,9.0,CLEAR
11/25/2021 10:30:00 PM,TRAFFIC SIGNAL,CLEAR,DARKNESS,ANGLE,FOUR WAY,STRAIGHT AND LEVEL,DRY,NO DEFECTS,INJURY AND / OR TOW DUE TO CRASH,Y,"OVER $1,500",FAILING TO YIELD RIGHT-OF-WAY,3.0,NONINCAPACITATING INJURY,1.0,0.0,0.0,1.0,0.0,4.0,22.0,5.0,11.0,CLEAR
04/04/2019 04:00:00 PM,TRAFFIC SIGNAL,CLEAR,DAYLIGHT,REAR END,DIVIDED - W/MEDIAN (NOT RAISED),STRAIGHT AND LEVEL,DRY,NO DEFECTS,NO INJURY / DRIVE AWAY,N,"$501 - $1,500",FOLLOWING TOO CLOSELY,2.0,NO INDICATION OF INJURY,0.0,0.0,0.0,0.0,0.0,2.0,16.0,5.0,4.0,CLEAR
02/05/2018 07:50:00 AM,STOP SIGN/FLASHER,SNOW,DAYLIGHT,ANGLE,NOT DIVIDED,STRAIGHT AND LEVEL,SNOW OR SLUSH,NO DEFECTS,NO INJURY / DRIVE AWAY,Y,"$501 - $1,500",FAILING TO YIELD RIGHT-OF-WAY,2.0,NO INDICATION OF INJURY,0.0,0.0,0.0,0.0,0.0,2.0,7.0,2.0,2.0,SNOW
04/26/2019 12:00:00 AM,TRAFFIC SIGNAL,RAIN,"DARKNESS, LIGHTED ROAD",REAR END,DIVIDED - W/MEDIAN (NOT RAISED),STRAIGHT AND LEVEL,WET,UNKNOWN,NO INJURY / DRIVE AWAY,Y,"OVER $1,500",FOLLOWING TOO CLOSELY,2.0,NO INDICATION OF INJURY,0.0,0.0,0.0,0.0,0.0,2.0,0.0,6.0,4.0,RAIN
02/17/2022 07:54:00 AM,TRAFFIC SIGNAL,CLEAR,DAYLIGHT,TURNING,FOUR WAY,STRAIGHT AND LEVEL,WET,NO DEFECTS,NO INJURY / DRIVE AWAY,Y,"OVER $1,500",FAILING TO YIELD RIGHT-OF-WAY,2.0,NO INDICATION OF INJURY,0.0,0.0,0.0,0.0,0.0,2.0,7.0,5.0,2.0,CLEAR
06/03/2018 06:10:00 AM,TRAFFIC SIGNAL,CLEAR,DAYLIGHT,TURNING,OTHER,STRAIGHT AND LEVEL,WET,NO DEFECTS,INJURY AND / OR TOW DUE TO CRASH,Y,"OVER $1,500",FAILING TO YIELD RIGHT-OF-WAY,2.0,NO INDICATION OF INJURY,0.0,0.0,0.0,0.0,0.0,2.0,6.0,1.0,6.0,CLEAR
02/17/2022 03:42:00 PM,TRAFFIC SIGNAL,SNOW,DAYLIGHT,REAR END,ONE-WAY,STRAIGHT AND LEVEL,SNOW OR SLUSH,NO DEFECTS,NO INJURY / DRIVE AWAY,Y,"OVER $1,500",FAILING TO REDUCE SPEED TO AVOID CRASH,2.0,NO INDICATION OF INJURY,0.0,0.0,0.0,0.0,0.0,2.0,15.0,5.0,2.0,SNOW
12/13/2022 10:03:00 AM,TRAFFIC SIGNAL,CLEAR,DAYLIGHT,SIDESWIPE SAME DIRECTION,NOT DIVIDED,STRAIGHT AND LEVEL,DRY,NO DEFECTS,NO INJURY / DRIVE AWAY,Y,"OVER $1,500",UNABLE TO DETERMINE,2.0,NO INDICATION OF INJURY,0.0,0.0,0.0,0.0,0.0,2.0,10.0,3.0,12.0,CLEAR
06/17/2020 01:16:00 PM,PEDESTRIAN CROSSING SIGN,CLEAR,DAYLIGHT,REAR END,NOT DIVIDED,STRAIGHT AND LEVEL,DRY,NO DEFECTS,INJURY AND / OR TOW DUE TO CRASH,Y,"OVER $1,500",FOLLOWING TOO CLOSELY,2.0,NO INDICATION OF INJURY,0.0,0.0,0.0,0.0,0.0,2.0,13.0,4.0,6.0,CLEAR
05/14/2021 09:30:00 PM,TRAFFIC SIGNAL,CLEAR,DAYLIGHT,TURNING,FOUR WAY,STRAIGHT AND LEVEL,DRY,NO DEFECTS,NO INJURY / DRIVE AWAY,Y,"$501 - $1,500",UNABLE TO DETERMINE,2.0,NO INDICATION OF INJURY,0.0,0.0,0.0,0.0,0.0,2.0,21.0,6.0,5.0,CLEAR
11/20/2022 06:20:00 PM,STOP SIGN/FLASHER,CLEAR,"DARKNESS, LIGHTED ROAD",ANGLE,NOT DIVIDED,STRAIGHT AND LEVEL,DRY,NO DEFECTS,NO INJURY / DRIVE AWAY,Y,"OVER $1,500",UNABLE TO DETERMINE,3.0,NO INDICATION OF INJURY,0.0,0.0,0.0,0.0,0.0,2.0,18.0,1.0,11.0,CLEAR
06/20/2018 07:50:00 AM,TRAFFIC SIGNAL,CLEAR,DAYLIGHT,PEDALCYCLIST,NOT DIVIDED,STRAIGHT AND LEVEL,DRY,UNKNOWN,INJURY AND / OR TOW DUE TO CRASH,Y,$500 OR LESS,FAILING TO YIELD RIGHT-OF-WAY,2.0,NONINCAPACITATING INJURY,1.0,0.0,0.0,1.0,0.0,1.0,7.0,4.0,6.0,CLEAR
02/13/2023 06:24:00 PM,STOP SIGN/FLASHER,CLEAR,"DARKNESS, LIGHTED ROAD",TURNING,ONE-WAY,STRAIGHT AND LEVEL,DRY,NO DEFECTS,NO INJURY / DRIVE AWAY,Y,"OVER $1,500",UNABLE TO DETERMINE,2.0,NO INDICATION OF INJURY,0.0,0.0,0.0,0.0,0.0,6.0,18.0,2.0,2.0,CLEAR
12/02/2022 07:45:00 AM,NO CONTROLS,CLEAR,DAYLIGHT,TURNING,ONE-WAY,STRAIGHT AND LEVEL,DRY,NO DEFECTS,NO INJURY / DRIVE AWAY,Y,"OVER $1,500",IMPROPER LANE USAGE,2.0,NO INDICATION OF INJURY,0.0,0.0,0.0,0.0,0.0,2.0,7.0,6.0,12.0,CLEAR
10/08/2022 12:18:00 AM,TRAFFIC SIGNAL,CLEAR,"DARKNESS, LIGHTED ROAD",ANGLE,FOUR WAY,STRAIGHT AND LEVEL,DRY,UNKNOWN,INJURY AND / OR TOW DUE TO CRASH,Y,"OVER $1,500",FAILING TO YIELD RIGHT-OF-WAY,2.0,NO INDICATION OF INJURY,0.0,0.0,0.0,0.0,0.0,1.0,0.0,7.0,10.0,CLEAR
07/05/2017 09:46:00 AM,TRAFFIC SIGNAL,CLEAR,DAYLIGHT,ANGLE,NOT DIVIDED,STRAIGHT AND LEVEL,DRY,NO DEFECTS,NO INJURY / DRIVE AWAY,Y,"OVER $1,500",UNABLE TO DETERMINE,2.0,NO INDICATION OF INJURY,0.0,0.0,0.0,0.0,0.0,2.0,9.0,4.0,7.0,CLEAR
05/26/2017 10:47:00 PM,TRAFFIC SIGNAL,CLEAR,"DARKNESS, LIGHTED ROAD",TURNING,NOT DIVIDED,STRAIGHT AND LEVEL,WET,NO DEFECTS,NO INJURY / DRIVE AWAY,Y,"OVER $1,500",DISREGARDING STOP SIGN,2.0,NO INDICATION OF INJURY,0.0,0.0,0.0,0.0,0.0,2.0,22.0,6.0,5.0,CLEAR
10/01/2021 07:10:00 AM,TRAFFIC SIGNAL,CLEAR,DAYLIGHT,TURNING,FOUR WAY,STRAIGHT AND LEVEL,DRY,NO DEFECTS,INJURY AND / OR TOW DUE TO CRASH,Y,"OVER $1,500",FAILING TO YIELD RIGHT-OF-WAY,2.0,NO INDICATION OF INJURY,0.0,0.0,0.0,0.0,0.0,3.0,7.0,6.0,10.0,CLEAR
08/31/2018 10:35:00 PM,TRAFFIC SIGNAL,CLEAR,"DARKNESS, LIGHTED ROAD",REAR END,NOT DIVIDED,STRAIGHT AND LEVEL,DRY,NO DEFECTS,NO INJURY / DRIVE AWAY,Y,$500 OR LESS,FAILING TO REDUCE SPEED TO AVOID CRASH,2.0,NO INDICATION OF INJURY,0.0,0.0,0.0,0.0,0.0,3.0,22.0,6.0,8.0,CLEAR
01/22/2018 07:10:00 PM,TRAFFIC SIGNAL,RAIN,"DARKNESS, LIGHTED ROAD",ANGLE,ONE-WAY,STRAIGHT AND LEVEL,WET,NO DEFECTS,NO INJURY / DRIVE AWAY,Y,"OVER $1,500",FAILING TO YIELD RIGHT-OF-WAY,2.0,NO INDICATION OF INJURY,0.0,0.0,0.0,0.0,0.0,2.0,19.0,2.0,1.0,RAIN
10/19/2020 03:22:00 PM,TRAFFIC SIGNAL,RAIN,DUSK,TURNING,DIVIDED - W/MEDIAN (NOT RAISED),STRAIGHT AND LEVEL,WET,NO DEFECTS,NO INJURY / DRIVE AWAY,Y,"OVER $1,500",EQUIPMENT - VEHICLE CONDITION,2.0,NO INDICATION OF INJURY,0.0,0.0,0.0,0.0,0.0,2.0,15.0,2.0,10.0,RAIN
07/18/2021 11:15:00 PM,TRAFFIC SIGNAL,CLEAR,"DARKNESS, LIGHTED ROAD",PEDESTRIAN,NOT DIVIDED,STRAIGHT AND LEVEL,DRY,UNKNOWN,INJURY AND / OR TOW DUE TO CRASH,Y,"OVER $1,500",FAILING TO YIELD RIGHT-OF-WAY,2.0,NONINCAPACITATING INJURY,1.0,0.0,0.0,1.0,0.0,1.0,23.0,1.0,7.0,CLEAR
08/06/2023 03:13:00 PM,TRAFFIC SIGNAL,CLOUDY/OVERCAST,DAYLIGHT,ANGLE,DIVIDED - W/MEDIAN BARRIER,STRAIGHT AND LEVEL,WET,UNKNOWN,INJURY AND / OR TOW DUE TO CRASH,Y,"OVER $1,500",DISREGARDING TRAFFIC SIGNALS,2.0,"REPORTED, NOT EVIDENT",1.0,0.0,0.0,0.0,1.0,1.0,15.0,1.0,8.0,CLOUDY/OVERCAST
07/29/2022 01:15:00 PM,TRAFFIC SIGNAL,CLEAR,DAYLIGHT,REAR END,FOUR WAY,STRAIGHT AND LEVEL,DRY,UNKNOWN,NO INJURY / DRIVE AWAY,Y,"$501 - $1,500",FOLLOWING TOO CLOSELY,2.0,NO INDICATION OF INJURY,0.0,0.0,0.0,0.0,0.0,2.0,13.0,6.0,7.0,CLEAR
04/17/2018 10:00:00 PM,STOP SIGN/FLASHER,UNKNOWN,"DARKNESS, LIGHTED ROAD",TURNING,NOT DIVIDED,STRAIGHT AND LEVEL,UNKNOWN,UNKNOWN,NO INJURY / DRIVE AWAY,Y,"OVER $1,500",IMPROPER TURNING/NO SIGNAL,2.0,NO INDICATION OF INJURY,0.0,0.0,0.0,0.0,0.0,2.0,22.0,3.0,4.0,UNKNOWN
10/16/2017 10:00:00 AM,TRAFFIC SIGNAL,CLEAR,DAYLIGHT,FIXED OBJECT,DIVIDED - W/MEDIAN (NOT RAISED),STRAIGHT AND LEVEL,DRY,NO DEFECTS,NO INJURY / DRIVE AWAY,Y,"OVER $1,500",NOT APPLICABLE,1.0,NO INDICATION OF INJURY,0.0,0.0,0.0,0.0,0.0,1.0,10.0,2.0,10.0,CLEAR
07/01/2018 10:57:00 AM,TRAFFIC SIGNAL,CLEAR,DAYLIGHT,TURNING,RAMP,STRAIGHT AND LEVEL,DRY,NO DEFECTS,NO INJURY / DRIVE AWAY,Y,"OVER $1,500",UNABLE TO DETERMINE,2.0,NO INDICATION OF INJURY,0.0,0.0,0.0,0.0,0.0,2.0,10.0,1.0,7.0,CLEAR
01/06/2018 03:32:00 PM,NO CONTROLS,CLEAR,DAYLIGHT,TURNING,ALLEY,STRAIGHT AND LEVEL,DRY,NO DEFECTS,INJURY AND / OR TOW DUE TO CRASH,Y,"OVER $1,500",FAILING TO YIELD RIGHT-OF-WAY,2.0,NO INDICATION OF INJURY,0.0,0.0,0.0,0.0,0.0,2.0,15.0,7.0,1.0,CLEAR
05/07/2022 10:00:00 PM,STOP SIGN/FLASHER,CLEAR,"DARKNESS, LIGHTED ROAD",ANGLE,ONE-WAY,STRAIGHT AND LEVEL,DRY,NO DEFECTS,NO INJURY / DRIVE AWAY,Y,"OVER $1,500",DISREGARDING STOP SIGN,2.0,NO INDICATION OF INJURY,0.0,0.0,0.0,0.0,0.0,2.0,22.0,7.0,5.0,CLEAR
11/22/2016 04:00:00 PM,TRAFFIC SIGNAL,CLOUDY/OVERCAST,DUSK,TURNING,DIVIDED - W/MEDIAN BARRIER,STRAIGHT AND LEVEL,DRY,WORN SURFACE,NO INJURY / DRIVE AWAY,Y,"OVER $1,500",UNABLE TO DETERMINE,2.0,NO INDICATION OF INJURY,0.0,0.0,0.0,0.0,0.0,2.0,16.0,3.0,11.0,CLOUDY/OVERCAST
07/08/2017 10:38:00 PM,STOP SIGN/FLASHER,CLEAR,"DARKNESS, LIGHTED ROAD",TURNING,OTHER,STRAIGHT AND LEVEL,DRY,NO DEFECTS,NO INJURY / DRIVE AWAY,Y,$500 OR LESS,FAILING TO YIELD RIGHT-OF-WAY,2.0,NO INDICATION OF INJURY,0.0,0.0,0.0,0.0,0.0,3.0,22.0,7.0,7.0,CLEAR
01/11/2020 07:30:00 PM,NO CONTROLS,SNOW,"DARKNESS, LIGHTED ROAD",TURNING,NOT DIVIDED,STRAIGHT AND LEVEL,WET,NO DEFECTS,NO INJURY / DRIVE AWAY,Y,"OVER $1,500",FAILING TO YIELD RIGHT-OF-WAY,2.0,NO INDICATION OF INJURY,0.0,0.0,0.0,0.0,0.0,2.0,19.0,7.0,1.0,SNOW
06/01/2023 10:20:00 AM,STOP SIGN/FLASHER,CLEAR,DAYLIGHT,ANGLE,FOUR WAY,STRAIGHT AND LEVEL,UNKNOWN,UNKNOWN,NO INJURY / DRIVE AWAY,Y,"OVER $1,500",FAILING TO YIELD RIGHT-OF-WAY,2.0,NO INDICATION OF INJURY,0.0,0.0,0.0,0.0,0.0,3.0,10.0,5.0,6.0,CLEAR
08/02/2018 12:15:00 PM,STOP SIGN/FLASHER,CLEAR,DAYLIGHT,PEDALCYCLIST,NOT DIVIDED,STRAIGHT ON GRADE,DRY,NO DEFECTS,NO INJURY / DRIVE AWAY,N,$500 OR LESS,UNABLE TO DETERMINE,2.0,NO INDICATION OF INJURY,0.0,0.0,0.0,0.0,0.0,2.0,12.0,5.0,8.0,CLEAR
01/14/2019 06:15:00 AM,TRAFFIC SIGNAL,OTHER,"DARKNESS, LIGHTED ROAD",SIDESWIPE SAME DIRECTION,DIVIDED - W/MEDIAN BARRIER,STRAIGHT AND LEVEL,DRY,NO DEFECTS,NO INJURY / DRIVE AWAY,Y,"$501 - $1,500",DRIVING SKILLS/KNOWLEDGE/EXPERIENCE,2.0,NO INDICATION OF INJURY,0.0,0.0,0.0,0.0,0.0,2.0,6.0,2.0,1.0,Other
04/07/2018 07:35:00 AM,TRAFFIC SIGNAL,CLOUDY/OVERCAST,DAYLIGHT,REAR END,DIVIDED - W/MEDIAN (NOT RAISED),STRAIGHT AND LEVEL,DRY,NO DEFECTS,NO INJURY / DRIVE AWAY,Y,"OVER $1,500",FOLLOWING TOO CLOSELY,2.0,NO INDICATION OF INJURY,0.0,0.0,0.0,0.0,0.0,2.0,7.0,7.0,4.0,CLOUDY/OVERCAST
02/09/2021 11:00:00 AM,TRAFFIC SIGNAL,CLEAR,DAYLIGHT,TURNING,NOT DIVIDED,STRAIGHT AND LEVEL,SNOW OR SLUSH,NO DEFECTS,NO INJURY / DRIVE AWAY,Y,"OVER $1,500",FOLLOWING TOO CLOSELY,2.0,NO INDICATION OF INJURY,0.0,0.0,0.0,0.0,0.0,2.0,11.0,3.0,2.0,CLEAR
02/16/2019 12:44:00 PM,NO CONTROLS,CLEAR,DAYLIGHT,ANGLE,NOT DIVIDED,STRAIGHT AND LEVEL,DRY,NO DEFECTS,NO INJURY / DRIVE AWAY,Y,"OVER $1,500",FAILING TO YIELD RIGHT-OF-WAY,2.0,NO INDICATION OF INJURY,0.0,0.0,0.0,0.0,0.0,2.0,12.0,7.0,2.0,CLEAR
08/23/2020 11:50:00 AM,NO CONTROLS,CLEAR,DAYLIGHT,ANGLE,ALLEY,STRAIGHT AND LEVEL,DRY,NO DEFECTS,INJURY AND / OR TOW DUE TO CRASH,Y,"OVER $1,500",FAILING TO REDUCE SPEED TO AVOID CRASH,3.0,NONINCAPACITATING INJURY,2.0,0.0,0.0,2.0,0.0,2.0,11.0,1.0,8.0,CLEAR
10/13/2019 12:00:00 PM,STOP SIGN/FLASHER,CLEAR,DAYLIGHT,SIDESWIPE SAME DIRECTION,DIVIDED - W/MEDIAN (NOT RAISED),STRAIGHT AND LEVEL,DRY,NO DEFECTS,NO INJURY / DRIVE AWAY,Y,$500 OR LESS,UNABLE TO DETERMINE,2.0,NO INDICATION OF INJURY,0.0,0.0,0.0,0.0,0.0,2.0,12.0,1.0,10.0,CLEAR