crash_date,traffic_control_device,weather_condition,lighting_condition,first_crash_type,trafficway_type,alignment,roadway_surface_cond,road_defect,crash_type,intersection_related_i,damage,prim_contributory_cause,num_units,most_severe_injury,injuries_total,injuries_fatal,injuries_incapacitating,injuries_non_incapacitating,injuries_reported_not_evident,injuries_no_indication,crash_hour,crash_day_of_week,crash_month,weather_cond_clean
10/31/2017 07:40:00 AM,TRAFFIC SIGNAL,CLEAR,DAYLIGHT,ANGLE,DIVIDED - W/MEDIAN (NOT RAISED),STRAIGHT AND LEVEL,DRY,NO DEFECTS,INJURY AND / OR TOW DUE TO CRASH,Y,"OVER $1,500",DISREGARDING TRAFFIC SIGNALS,2.0,"REPORTED, NOT EVIDENT",1.0,0.0,0.0,0.0,1.0,1.0,7.0,3.0,10.0,CLEAR
12/08/2017 08:00:00 AM,STOP SIGN/FLASHER,CLEAR,DAYLIGHT,TURNING,NOT DIVIDED,STRAIGHT AND LEVEL,DRY,NO DEFECTS,INJURY AND / OR TOW DUE TO CRASH,Y,"OVER $1,500",FAILING TO YIELD RIGHT-OF-WAY,2.0,"REPORTED, NOT EVIDENT",1.0,0.0,0.0,0.0,1.0,1.0,8.0,6.0,12.0,CLEAR
11/12/2021 04:35:00 PM,TRAFFIC SIGNAL,RAIN,"DARKNESS, LIGHTED ROAD",TURNING,"FIVE POINT, OR MORE",STRAIGHT AND LEVEL,WET,UNKNOWN,NO INJURY / DRIVE AWAY,Y,"OVER $1,500",UNABLE TO DETERMINE,2.0,NO INDICATION OF INJURY,0.0,0.0,0.0,0.0,0.0,4.0,16.0,6.0,11.0,RAIN
09/16/2020 02:40:00 PM,TRAFFIC SIGNAL,CLEAR,DAYLIGHT,ANGLE,Y-INTERSECTION,STRAIGHT AND LEVEL,DRY,UNKNOWN,INJURY AND / OR TOW DUE TO CRASH,Y,"OVER $1,500",DISREGARDING TRAFFIC SIGNALS,3.0,NONINCAPACITATING INJURY,2.0,0.0,0.0,2.0,0.0,2.0,14.0,4.0,9.0,CLEAR
07/14/2016 10:00:00 PM,TRAFFIC SIGNAL,CLEAR,DUSK,TURNING,UNKNOWN,STRAIGHT AND LEVEL,DRY,UNKNOWN,NO INJURY / DRIVE AWAY,Y,"$501 - $1,500",UNABLE TO DETERMINE,2.0,NO INDICATION OF INJURY,0.0,0.0,0.0,0.0,0.0,2.0,22.0,5.0,7.0,CLEAR
01/25/2020 12:43:00 PM,STOP SIGN/FLASHER,SLEET/HAIL,DAYLIGHT,ANGLE,FOUR WAY,STRAIGHT AND LEVEL,SNOW OR SLUSH,NO DEFECTS,NO INJURY / DRIVE AWAY,Y,"OVER $1,500",FAILING TO YIELD RIGHT-OF-WAY,2.0,NO INDICATION OF INJURY,0.0,0.0,0.0,0.0,0.0,6.0,12.0,7.0,1.0,Other
01/27/2023 07:19:00 PM,STOP SIGN/FLASHER,SNOW,"DARKNESS, LIGHTED ROAD",TURNING,FOUR WAY,STRAIGHT AND LEVEL,WET,UNKNOWN,NO INJURY / DRIVE AWAY,Y,"OVER $1,500",UNABLE TO DETERMINE,2.0,NO INDICATION OF INJURY,0.0,0.0,0.0,0.0,0.0,3.0,19.0,6.0,1.0,SNOW
01/26/2022 11:40:00 PM,TRAFFIC SIGNAL,CLEAR,"DARKNESS, LIGHTED ROAD",PARKED MOTOR VEHICLE,T-INTERSECTION,STRAIGHT AND LEVEL,DRY,NO DEFECTS,INJURY AND / OR TOW DUE TO CRASH,Y,"OVER $1,500",UNABLE TO DETERMINE,2.0,NO INDICATION OF INJURY,0.0,0.0,0.0,0.0,0.0,1.0,23.0,4.0,1.0,CLEAR
10/11/2021 09:45:00 AM,NO CONTROLS,CLEAR,DAYLIGHT,REAR TO SIDE,NOT DIVIDED,STRAIGHT AND LEVEL,DRY,NO DEFECTS,NO INJURY / DRIVE AWAY,Y,"OVER $1,500",UNABLE TO DETERMINE,2.0,NO INDICATION OF INJURY,0.0,0.0,0.0,0.0,0.0,4.0,9.0,2.0,10.0,CLEAR
09/18/2018 07:00:00 AM,NO CONTROLS,CLEAR,DAYLIGHT,ANGLE,NOT DIVIDED,STRAIGHT ON GRADE,DRY,NO DEFECTS,INJURY AND / OR TOW DUE TO CRASH,Y,"$501 - $1,500",DISREGARDING STOP SIGN,2.0,NONINCAPACITATING INJURY,1.0,0.0,0.0,1.0,0.0,1.0,7.0,3.0,9.0,CLEAR
07/23/2021 09:51:00 PM,TRAFFIC SIGNAL,CLEAR,"DARKNESS, LIGHTED ROAD",SIDESWIPE SAME DIRECTION,DIVIDED - W/MEDIAN (NOT RAISED),STRAIGHT AND LEVEL,DRY,NO DEFECTS,NO INJURY / DRIVE AWAY,Y,"$501 - $1,500",IMPROPER OVERTAKING/PASSING,2.0,NO INDICATION OF INJURY,0.0,0.0,0.0,0.0,0.0,2.0,21.0,6.0,7.0,CLEAR
09/05/2018 08:40:00 PM,STOP SIGN/FLASHER,CLEAR,"DARKNESS, LIGHTED ROAD",HEAD ON,NOT DIVIDED,STRAIGHT AND LEVEL,WET,NO DEFECTS,INJURY AND / OR TOW DUE TO CRASH,Y,"OVER $1,500",FAILING TO YIELD RIGHT-OF-WAY,2.0,INCAPACITATING INJURY,3.0,0.0,3.0,0.0,0.0,0.0,20.0,4.0,9.0,CLEAR
09/17/2022 09:55:00 AM,STOP SIGN/FLASHER,CLEAR,DAYLIGHT,ANGLE,NOT DIVIDED,STRAIGHT AND LEVEL,DRY,NO DEFECTS,INJURY AND / OR TOW DUE TO CRASH,Y,"OVER $1,500",FAILING TO YIELD RIGHT-OF-WAY,2.0,NO INDICATION OF INJURY,0.0,0.0,0.0,0.0,0.0,2.0,9.0,7.0,9.0,CLEAR
01/17/2023 11:01:00 PM,TRAFFIC SIGNAL,CLEAR,"DARKNESS, LIGHTED ROAD",TURNING,DIVIDED - W/MEDIAN (NOT RAISED),STRAIGHT AND LEVEL,DRY,NO DEFECTS,INJURY AND / OR TOW DUE TO CRASH,Y,"OVER $1,500",DISREGARDING TRAFFIC SIGNALS,2.0,NONINCAPACITATING INJURY,3.0,0.0,0.0,3.0,0.0,1.0,23.0,3.0,1.0,CLEAR
07/27/2023 02:45:00 PM,TRAFFIC SIGNAL,CLEAR,DAYLIGHT,REAR END,FOUR WAY,STRAIGHT ON HILLCREST,DRY,NO DEFECTS,NO INJURY / DRIVE AWAY,Y,"OVER $1,500",IMPROPER OVERTAKING/PASSING,2.0,NO INDICATION OF INJURY,0.0,0.0,0.0,0.0,0.0,2.0,14.0,5.0,7.0,CLEAR
06/25/2022 01:00:00 PM,TRAFFIC SIGNAL,RAIN,DAYLIGHT,TURNING,FOUR WAY,STRAIGHT AND LEVEL,WET,NO DEFECTS,INJURY AND / OR TOW DUE TO CRASH,Y,"OVER $1,500",FAILING TO YIELD RIGHT-OF-WAY,3.0,NONINCAPACITATING INJURY,3.0,0.0,0.0,3.0,0.0,1.0,13.0,7.0,6.0,RAIN
06/26/2021 06:12:00 PM,UNKNOWN,RAIN,DAYLIGHT,PEDESTRIAN,NOT DIVIDED,STRAIGHT AND LEVEL,WET,NO DEFECTS,INJURY AND / OR TOW DUE TO CRASH,Y,$500 OR LESS,IMPROPER TURNING/NO SIGNAL,2.0,"REPORTED, NOT EVIDENT",1.0,0.0,0.0,0.0,1.0,2.0,18.0,7.0,6.0,RAIN
09/20/2018 10:45:00 AM,TRAFFIC SIGNAL,CLEAR,DAYLIGHT,REAR END,NOT DIVIDED,STRAIGHT AND LEVEL,DRY,NO DEFECTS,INJURY AND / OR TOW DUE TO CRASH,Y,"OVER $1,500",EQUIPMENT - VEHICLE CONDITION,4.0,NO INDICATION OF INJURY,0.0,0.0,0.0,0.0,0.0,5.0,10.0,5.0,9.0,CLEAR
05/24/2021 05:00:00 PM,STOP SIGN/FLASHER,CLEAR,DAYLIGHT,ANGLE,FOUR WAY,STRAIGHT AND LEVEL,UNKNOWN,UNKNOWN,NO INJURY / DRIVE AWAY,Y,"OVER $1,500",UNABLE TO DETERMINE,2.0,NO INDICATION OF INJURY,0.0,0.0,0.0,0.0,0.0,2.0,17.0,2.0,5.0,CLEAR
02/13/2023 06:30:00 PM,UNKNOWN,UNKNOWN,UNKNOWN,REAR END,NOT DIVIDED,STRAIGHT AND LEVEL,UNKNOWN,UNKNOWN,NO INJURY / DRIVE AWAY,Y,"OVER $1,500",UNABLE TO DETERMINE,2.0,NO INDICATION OF INJURY,0.0,0.0,0.0,0.0,0.0,3.0,18.0,2.0,2.0,UNKNOWN
06/12/2021 08:52:00 PM,TRAFFIC SIGNAL,CLEAR,"DARKNESS, LIGHTED ROAD",TURNING,FOUR WAY,STRAIGHT AND LEVEL,DRY,NO DEFECTS,INJURY AND / OR TOW DUE TO CRASH,Y,"OVER $1,500",UNABLE TO DETERMINE,2.0,NO INDICATION OF INJURY,0.0,0.0,0.0,0.0,0.0,2.0,20.0,7.0,6.0,CLEAR
03/30/2019 04:15:00 PM,STOP SIGN/FLASHER,CLEAR,DAYLIGHT,REAR END,NOT DIVIDED,STRAIGHT AND LEVEL,DRY,NO DEFECTS,NO INJURY / DRIVE AWAY,Y,"OVER $1,500",FOLLOWING TOO CLOSELY,2.0,NO INDICATION OF INJURY,0.0,0.0,0.0,0.0,0.0,3.0,16.0,7.0,3.0,CLEAR
01/31/2018 09:55:00 PM,TRAFFIC SIGNAL,CLEAR,"DARKNESS, LIGHTED ROAD",ANGLE,DIVIDED - W/MEDIAN BARRIER,STRAIGHT AND LEVEL,DRY,NO DEFECTS,INJURY AND / OR TOW DUE TO CRASH,Y,"OVER $1,500",DISREGARDING TRAFFIC SIGNALS,2.0,"REPORTED, NOT EVIDENT",2.0,0.0,0.0,0.0,2.0,3.0,21.0,4.0,1.0,CLEAR
03/18/2021 05:05:00 PM,STOP SIGN/FLASHER,CLEAR,DAYLIGHT,ANGLE,FOUR WAY,STRAIGHT AND LEVEL,DRY,NO DEFECTS,INJURY AND / OR TOW DUE TO CRASH,Y,"OVER $1,500",IMPROPER OVERTAKING/PASSING,3.0,NO INDICATION OF INJURY,0.0,0.0,0.0,0.0,0.0,4.0,17.0,5.0,3.0,CLEAR
08/05/2016 06:30:00 PM,TRAFFIC SIGNAL,CLEAR,DAYLIGHT,FIXED OBJECT,OTHER,STRAIGHT AND LEVEL,DRY,"RUT, HOLES",NO INJURY / DRIVE AWAY,Y,"OVER $1,500",NOT APPLICABLE,1.0,NO INDICATION OF INJURY,0.0,0.0,0.0,0.0,0.0,1.0,18.0,6.0,8.0,CLEAR
09/07/2016 01:15:00 PM,NO CONTROLS,CLEAR,DAYLIGHT,REAR END,NOT DIVIDED,STRAIGHT AND LEVEL,DRY,NO DEFECTS,NO INJURY / DRIVE AWAY,Y,"OVER $1,500",FAILING TO REDUCE SPEED TO AVOID CRASH,2.0,NO INDICATION OF INJURY,0.0,0.0,0.0,0.0,0.0,2.0,13.0,4.0,9.0,CLEAR
07/30/2019 12:16:00 AM,TRAFFIC SIGNAL,CLEAR,DAWN,ANGLE,FOUR WAY,STRAIGHT AND LEVEL,DRY,NO DEFECTS,INJURY AND / OR TOW DUE TO CRASH,Y,"OVER $1,500",TURNING RIGHT ON RED,2.0,NO INDICATION OF INJURY,0.0,0.0,0.0,0.0,0.0,2.0,0.0,3.0,7.0,CLEAR
05/12/2022 07:43:00 AM,STOP SIGN/FLASHER,CLEAR,DAYLIGHT,ANGLE,FOUR WAY,STRAIGHT AND LEVEL,DRY,NO DEFECTS,INJURY AND / OR TOW DUE TO CRASH,Y,"OVER $1,500","VISION OBSCURED (SIGNS, TREE LIMBS, BUILDINGS, ETC.)",2.0,NO INDICATION OF INJURY,0.0,0.0,0.0,0.0,0.0,2.0,7.0,5.0,5.0,CLEAR
02/17/2022 05:19:00 PM,TRAFFIC SIGNAL,SNOW,DARKNESS,REAR END,FOUR WAY,STRAIGHT AND LEVEL,SNOW OR SLUSH,NO DEFECTS,INJURY AND / OR TOW DUE TO CRASH,Y,"OVER $1,500",UNABLE TO DETERMINE,2.0,NO INDICATION OF INJURY,0.0,0.0,0.0,0.0,0.0,5.0,17.0,5.0,2.0,SNOW
07/28/2019 04:00:00 PM,TRAFFIC SIGNAL,CLEAR,DAYLIGHT,SIDESWIPE SAME DIRECTION,ONE-WAY,STRAIGHT AND LEVEL,DRY,NO DEFECTS,NO INJURY / DRIVE AWAY,Y,$500 OR LESS,IMPROPER OVERTAKING/PASSING,2.0,NO INDICATION OF INJURY,0.0,0.0,0.0,0.0,0.0,2.0,16.0,1.0,7.0,CLEAR
02/01/2022 08:35:00 AM,TRAFFIC SIGNAL,CLEAR,DAYLIGHT,PEDESTRIAN,NOT DIVIDED,STRAIGHT AND LEVEL,SNOW OR SLUSH,NO DEFECTS,INJURY AND / OR TOW DUE TO CRASH,Y,"OVER $1,500",FAILING TO YIELD RIGHT-OF-WAY,2.0,NONINCAPACITATING INJURY,1.0,0.0,0.0,1.0,0.0,1.0,8.0,3.0,2.0,CLEAR
11/26/2019 02:10:00 PM,STOP SIGN/FLASHER,RAIN,DAYLIGHT,ANGLE,NOT DIVIDED,STRAIGHT AND LEVEL,WET,NO DEFECTS,INJURY AND / OR TOW DUE TO CRASH,Y,"OVER $1,500",FAILING TO YIELD RIGHT-OF-WAY,2.0,NONINCAPACITATING INJURY,1.0,0.0,0.0,1.0,0.0,1.0,14.0,3.0,11.0,RAIN
12/12/2017 12:30:00 PM,TRAFFIC SIGNAL,CLEAR,DAYLIGHT,REAR END,NOT DIVIDED,STRAIGHT AND LEVEL,DRY,NO DEFECTS,INJURY AND / OR TOW DUE TO CRASH,Y,"$501 - $1,500",FOLLOWING TOO CLOSELY,2.0,"REPORTED, NOT EVIDENT",2.0,0.0,0.0,0.0,2.0,3.0,12.0,3.0,12.0,CLEAR
12/01/2018 03:06:00 PM,NO CONTROLS,RAIN,DAYLIGHT,REAR END,NOT DIVIDED,STRAIGHT AND LEVEL,WET,NO DEFECTS,NO INJURY / DRIVE AWAY,Y,"OVER $1,500",IMPROPER BACKING,2.0,NO INDICATION OF INJURY,0.0,0.0,0.0,0.0,0.0,2.0,15.0,7.0,12.0,RAIN
07/23/2017 06:00:00 PM,TRAFFIC SIGNAL,CLEAR,DAYLIGHT,TURNING,DIVIDED - W/MEDIAN (NOT RAISED),STRAIGHT AND LEVEL,DRY,UNKNOWN,NO INJURY / DRIVE AWAY,Y,"OVER $1,500",NOT APPLICABLE,2.0,NO INDICATION OF INJURY,0.0,0.0,0.0,0.0,0.0,3.0,18.0,1.0,7.0,CLEAR
01/27/2019 01:10:00 PM,TRAFFIC SIGNAL,CLEAR,DAYLIGHT,TURNING,NOT DIVIDED,STRAIGHT AND LEVEL,SNOW OR SLUSH,NO DEFECTS,NO INJURY / DRIVE AWAY,Y,"$501 - $1,500",FAILING TO YIELD RIGHT-OF-WAY,2.0,NO INDICATION OF INJURY,0.0,0.0,0.0,0.0,0.0,4.0,13.0,1.0,1.0,CLEAR
01/21/2016 04:50:00 AM,TRAFFIC SIGNAL,CLEAR,DAWN,REAR END,NOT DIVIDED,STRAIGHT AND LEVEL,WET,UNKNOWN,NO INJURY / DRIVE AWAY,Y,"OVER $1,500",UNABLE TO DETERMINE,2.0,NO INDICATION OF INJURY,0.0,0.0,0.0,0.0,0.0,2.0,4.0,5.0,1.0,CLEAR
06/02/2019 09:50:00 AM,TRAFFIC SIGNAL,CLEAR,DAYLIGHT,PEDESTRIAN,NOT DIVIDED,STRAIGHT AND LEVEL,DRY,NO DEFECTS,NO INJURY / DRIVE AWAY,Y,$500 OR LESS,FAILING TO YIELD RIGHT-OF-WAY,2.0,NO INDICATION OF INJURY,0.0,0.0,0.0,0.0,0.0,2.0,9.0,1.0,6.0,CLEAR
07/18/2017 08:15:00 PM,STOP SIGN/FLASHER,CLEAR,DUSK,TURNING,NOT DIVIDED,STRAIGHT AND LEVEL,DRY,NO DEFECTS,INJURY AND / OR TOW DUE TO CRASH,Y,"OVER $1,500",FAILING TO YIELD RIGHT-OF-WAY,2.0,NONINCAPACITATING INJURY,1.0,0.0,0.0,1.0,0.0,1.0,20.0,3.0,7.0,CLEAR
01/20/2020 09:30:00 PM,STOP SIGN/FLASHER,UNKNOWN,UNKNOWN,ANGLE,FOUR WAY,STRAIGHT AND LEVEL,UNKNOWN,UNKNOWN,INJURY AND / OR TOW DUE TO CRASH,Y,"OVER $1,500",DRIVING SKILLS/KNOWLEDGE/EXPERIENCE,2.0,NO INDICATION OF INJURY,0.0,0.0,0.0,0.0,0.0,2.0,21.0,2.0,1.0,UNKNOWN
10/18/2018 04:30:00 PM,NO CONTROLS,CLEAR,DAYLIGHT,TURNING,NOT DIVIDED,STRAIGHT AND LEVEL,DRY,NO DEFECTS,NO INJURY / DRIVE AWAY,Y,"OVER $1,500",FAILING TO YIELD RIGHT-OF-WAY,2.0,NO INDICATION OF INJURY,0.0,0.0,0.0,0.0,0.0,2.0,16.0,5.0,10.0,CLEAR
07/15/2023 03:15:00 PM,TRAFFIC SIGNAL,CLEAR,DAYLIGHT,SIDESWIPE SAME DIRECTION,ONE-WAY,STRAIGHT AND LEVEL,DRY,NO DEFECTS,NO INJURY / DRIVE AWAY,Y,"OVER $1,500",IMPROPER OVERTAKING/PASSING,2.0,NO INDICATION OF INJURY,0.0,0.0,0.0,0.0,0.0,2.0,15.0,7.0,7.0,CLEAR
12/18/2019 07:55:00 PM,TRAFFIC SIGNAL,CLEAR,"DARKNESS, LIGHTED ROAD",TURNING,DIVIDED - W/MEDIAN (NOT RAISED),STRAIGHT AND LEVEL,DRY,NO DEFECTS,NO INJURY / DRIVE AWAY,Y,"$501 - $1,500",DISREGARDING TRAFFIC SIGNALS,2.0,NO INDICATION OF INJURY,0.0,0.0,0.0,0.0,0.0,2.0,19.0,4.0,12.0,CLEAR
08/16/2016 08:30:00 AM,NO CONTROLS,CLEAR,DAYLIGHT,SIDESWIPE SAME DIRECTION,NOT DIVIDED,STRAIGHT AND LEVEL,DRY,NO DEFECTS,NO INJURY / DRIVE AWAY,Y,"OVER $1,500",IMPROPER BACKING,2.0,NO INDICATION OF INJURY,0.0,0.0,0.0,0.0,0.0,2.0,8.0,3.0,8.0,CLEAR
11/03/2020 05:20:00 PM,TRAFFIC SIGNAL,CLEAR,"DARKNESS, LIGHTED ROAD",REAR END,NOT DIVIDED,STRAIGHT AND LEVEL,DRY,NO DEFECTS,NO INJURY / DRIVE AWAY,Y,"$501 - $1,500",FOLLOWING TOO CLOSELY,2.0,NO INDICATION OF INJURY,0.0,0.0,0.0,0.0,0.0,2.0,17.0,3.0,11.0,CLEAR
04/09/2023 12:45:00 AM,STOP SIGN/FLASHER,CLEAR,"DARKNESS, LIGHTED ROAD",ANGLE,NOT DIVIDED,STRAIGHT AND LEVEL,DRY,NO DEFECTS,INJURY AND / OR TOW DUE TO CRASH,Y,"OVER $1,500",FAILING TO YIELD RIGHT-OF-WAY,2.0,NO INDICATION OF INJURY,0.0,0.0,0.0,0.0,0.0,2.0,0.0,1.0,4.0,CLEAR
02/11/2020 06:00:00 PM,STOP SIGN/FLASHER,SNOW,"DARKNESS, LIGHTED ROAD",REAR END,T-INTERSECTION,STRAIGHT AND LEVEL,SNOW OR SLUSH,UNKNOWN,NO INJURY / DRIVE AWAY,Y,$500 OR LESS,WEATHER,2.0,NO INDICATION OF INJURY,0.0,0.0,0.0,0.0,0.0,2.0,18.0,3.0,2.0,SNOW
03/14/2023 02:25:00 AM,TRAFFIC SIGNAL,CLEAR,"DARKNESS, LIGHTED ROAD",FIXED OBJECT,FOUR WAY,STRAIGHT AND LEVEL,DRY,NO DEFECTS,INJURY AND / OR TOW DUE TO CRASH,Y,"$501 - $1,500",UNABLE TO DETERMINE,1.0,NO INDICATION OF INJURY,0.0,0.0,0.0,0.0,0.0,1.0,2.0,3.0,3.0,CLEAR
03/12/2016 03:15:00 AM,UNKNOWN,CLEAR,"DARKNESS, LIGHTED ROAD",TURNING,CENTER TURN LANE,STRAIGHT AND LEVEL,DRY,NO DEFECTS,NO INJURY / DRIVE AWAY,Y,$500 OR LESS,DISREGARDING TRAFFIC SIGNALS,2.0,NO INDICATION OF INJURY,0.0,0.0,0.0,0.0,0.0,2.0,3.0,7.0,3.0,CLEAR
01/23/2019 08:02:00 AM,TRAFFIC SIGNAL,SNOW,DAYLIGHT,REAR END,ONE-WAY,STRAIGHT AND LEVEL,ICE,NO DEFECTS,NO INJURY / DRIVE AWAY,Y,"OVER $1,500",EXCEEDING SAFE SPEED FOR CONDITIONS,3.0,NO INDICATION OF INJURY,0.0,0.0,0.0,0.0,0.0,3.0,8.0,4.0,1.0,SNOW
05/16/2023 05:04:00 PM,STOP SIGN/FLASHER,CLEAR,DAYLIGHT,REAR END,FOUR WAY,STRAIGHT AND LEVEL,DRY,NO DEFECTS,NO INJURY / DRIVE AWAY,Y,"$501 - $1,500",IMPROPER OVERTAKING/PASSING,2.0,NO INDICATION OF INJURY,0.0,0.0,0.0,0.0,0.0,2.0,17.0,3.0,5.0,CLEAR
05/12/2020 08:40:00 PM,STOP SIGN/FLASHER,CLEAR,"DARKNESS, LIGHTED ROAD",REAR END,NOT DIVIDED,STRAIGHT AND LEVEL,DRY,NO DEFECTS,NO INJURY / DRIVE AWAY,Y,$500 OR LESS,UNABLE TO DETERMINE,2.0,NO INDICATION OF INJURY,0.0,0.0,0.0,0.0,0.0,2.0,20.0,3.0,5.0,CLEAR
10/22/2019 06:50:00 PM,TRAFFIC SIGNAL,CLEAR,DUSK,SIDESWIPE SAME DIRECTION,DIVIDED - W/MEDIAN BARRIER,STRAIGHT AND LEVEL,DRY,NO DEFECTS,NO INJURY / DRIVE AWAY,Y,$500 OR LESS,UNABLE TO DETERMINE,2.0,NO INDICATION OF INJURY,0.0,0.0,0.0,0.0,0.0,2.0,18.0,3.0,10.0,CLEAR
06/03/2023 07:00:00 PM,TRAFFIC SIGNAL,UNKNOWN,UNKNOWN,TURNING,NOT DIVIDED,STRAIGHT AND LEVEL,UNKNOWN,UNKNOWN,NO INJURY / DRIVE AWAY,Y,"$501 - $1,500",NOT APPLICABLE,2.0,NO INDICATION OF INJURY,0.0,0.0,0.0,0.0,0.0,2.0,19.0,7.0,6.0,UNKNOWN
05/07/2022 06:34:00 PM,TRAFFIC SIGNAL,CLEAR,DAYLIGHT,SIDESWIPE SAME DIRECTION,NOT DIVIDED,STRAIGHT AND LEVEL,DRY,NO DEFECTS,INJURY AND / OR TOW DUE TO CRASH,Y,"OVER $1,500",IMPROPER LANE USAGE,3.0,NO INDICATION OF INJURY,0.0,0.0,0.0,0.0,0.0,4.0,18.0,7.0,5.0,CLEAR
07/20/2020 12:50:00 PM,STOP SIGN/FLASHER,CLEAR,DAYLIGHT,REAR END,DIVIDED - W/MEDIAN (NOT RAISED),STRAIGHT AND LEVEL,DRY,NO DEFECTS,INJURY AND / OR TOW DUE TO CRASH,Y,"OVER $1,500",UNABLE TO DETERMINE,2.0,NONINCAPACITATING INJURY,1.0,0.0,0.0,1.0,0.0,2.0,12.0,2.0,7.0,CLEAR
11/24/2017 07:54:00 AM,STOP SIGN/FLASHER,CLEAR,DAYLIGHT,ANGLE,ONE-WAY,STRAIGHT AND LEVEL,DRY,NO DEFECTS,INJURY AND / OR TOW DUE TO CRASH,Y,"OVER $1,500",DISREGARDING STOP SIGN,3.0,NONINCAPACITATING INJURY,2.0,0.0,0.0,1.0,1.0,2.0,7.0,6.0,11.0,CLEAR
04/18/2019 08:00:00 AM,TRAFFIC SIGNAL,CLEAR,DAYLIGHT,TURNING,DIVIDED - W/MEDIAN (NOT RAISED),STRAIGHT AND LEVEL,DRY,NO DEFECTS,NO INJURY / DRIVE AWAY,Y,$500 OR LESS,FAILING TO YIELD RIGHT-OF-WAY,2.0,NO INDICATION OF INJURY,0.0,0.0,0.0,0.0,0.0,2.0,8.0,5.0,4.0,CLEAR
05/04/2018 05:00:00 PM,TRAFFIC SIGNAL,CLEAR,DAYLIGHT,SIDESWIPE SAME DIRECTION,NOT DIVIDED,STRAIGHT AND LEVEL,DRY,NO DEFECTS,NO INJURY / DRIVE AWAY,Y,$500 OR LESS,UNABLE TO DETERMINE,2.0,NO INDICATION OF INJURY,0.0,0.0,0.0,0.0,0.0,2.0,17.0,6.0,5.0,CLEAR
12/07/2018 01:16:00 PM,NO CONTROLS,CLEAR,DAYLIGHT,PEDESTRIAN,NOT DIVIDED,STRAIGHT AND LEVEL,DRY,NO DEFECTS,NO INJURY / DRIVE AWAY,N,$500 OR LESS,UNABLE TO DETERMINE,2.0,NO INDICATION OF INJURY,0.0,0.0,0.0,0.0,0.0,2.0,13.0,6.0,12.0,CLEAR
10/02/2020 01:45:00 AM,TRAFFIC SIGNAL,CLEAR,"DARKNESS, LIGHTED ROAD",TURNING,FOUR WAY,STRAIGHT AND LEVEL,DRY,UNKNOWN,NO INJURY / DRIVE AWAY,Y,"$501 - $1,500","OPERATING VEHICLE IN ERRATIC, RECKLESS, CARELESS, NEGLIGENT OR AGGRESSIVE MANNER",2.0,NO INDICATION OF INJURY,0.0,0.0,0.0,0.0,0.0,2.0,1.0,6.0,10.0,CLEAR
09/03/2019 09:16:00 AM,STOP SIGN/FLASHER,RAIN,DAYLIGHT,ANGLE,NOT DIVIDED,STRAIGHT AND LEVEL,WET,NO DEFECTS,NO INJURY / DRIVE AWAY,Y,"$501 - $1,500",UNABLE TO DETERMINE,2.0,NO INDICATION OF INJURY,0.0,0.0,0.0,0.0,0.0,2.0,9.0,3.0,9.0,RAIN
12/14/2018 09:30:00 AM,TRAFFIC SIGNAL,CLEAR,DAYLIGHT,TURNING,DIVIDED - W/MEDIAN BARRIER,STRAIGHT AND LEVEL,WET,NO DEFECTS,NO INJURY / DRIVE AWAY,Y,"OVER $1,500",FAILING TO YIELD RIGHT-OF-WAY,2.0,NO INDICATION OF INJURY,0.0,0.0,0.0,0.0,0.0,2.0,9.0,6.0,12.0,CLEAR
09/03/2019 01:15:00 AM,TRAFFIC SIGNAL,CLEAR,"DARKNESS, LIGHTED ROAD",REAR END,NOT DIVIDED,STRAIGHT AND LEVEL,DRY,NO DEFECTS,INJURY AND / OR TOW DUE TO CRASH,Y,"OVER $1,500",UNDER THE INFLUENCE OF ALCOHOL/DRUGS (USE WHEN ARREST IS EFFECTED),2.0,"REPORTED, NOT EVIDENT",1.0,0.0,0.0,0.0,1.0,2.0,1.0,3.0,9.0,CLEAR
03/30/2023 06:50:00 AM,TRAFFIC SIGNAL,CLEAR,DAYLIGHT,TURNING,NOT DIVIDED,STRAIGHT AND LEVEL,DRY,NO DEFECTS,NO INJURY / DRIVE AWAY,Y,"OVER $1,500",IMPROPER LANE USAGE,2.0,NO INDICATION OF INJURY,0.0,0.0,0.0,0.0,0.0,5.0,6.0,5.0,3.0,CLEAR
09/18/2017 10:00:00 AM,STOP SIGN/FLASHER,CLEAR,DAYLIGHT,PEDALCYCLIST,NOT DIVIDED,STRAIGHT AND LEVEL,DRY,NO DEFECTS,INJURY AND / OR TOW DUE TO CRASH,Y,"$501 - $1,500",FAILING TO YIELD RIGHT-OF-WAY,2.0,"REPORTED, NOT EVIDENT",1.0,0.0,0.0,0.0,1.0,1.0,10.0,2.0,9.0,CLEAR
07/01/2019 02:00:00 AM,TRAFFIC SIGNAL,CLEAR,"DARKNESS, LIGHTED ROAD",TURNING,FOUR WAY,STRAIGHT AND LEVEL,DRY,NO DEFECTS,NO INJURY / DRIVE AWAY,Y,"OVER $1,500",FOLLOWING TOO CLOSELY,2.0,NO INDICATION OF INJURY,0.0,0.0,0.0,0.0,0.0,2.0,2.0,2.0,7.0,CLEAR