crash_date,traffic_control_device,weather_condition,lighting_condition,first_crash_type,trafficway_type,alignment,roadway_surface_cond,road_defect,crash_type,intersection_related_i,damage,prim_contributory_cause,num_units,most_severe_injury,injuries_total,injuries_fatal,injuries_incapacitating,injuries_non_incapacitating,injuries_reported_not_evident,injuries_no_indication,crash_hour,crash_day_of_week,crash_month,weather_cond_clean
07/25/2019 08:40:00 AM,TRAFFIC SIGNAL,CLEAR,DAYLIGHT,TURNING,DIVIDED - W/MEDIAN (NOT RAISED),STRAIGHT AND LEVEL,DRY,UNKNOWN,NO INJURY / DRIVE AWAY,Y,"$501 - $1,500",FAILING TO YIELD RIGHT-OF-WAY,2.0,NO INDICATION OF INJURY,0.0,0.0,0.0,0.0,0.0,2.0,8.0,5.0,7.0,CLEAR
11/10/2017 08:25:00 PM,TRAFFIC SIGNAL,CLEAR,"DARKNESS, LIGHTED ROAD",TURNING,DIVIDED - W/MEDIAN (NOT RAISED),STRAIGHT AND LEVEL,DRY,NO DEFECTS,INJURY AND / OR TOW DUE TO CRASH,Y,"OVER $1,500",IMPROPER TURNING/NO SIGNAL,2.0,"REPORTED, NOT EVIDENT",1.0,0.0,0.0,0.0,1.0,2.0,20.0,6.0,11.0,CLEAR
12/02/2018 11:34:00 PM,TRAFFIC SIGNAL,RAIN,"DARKNESS, LIGHTED ROAD",SIDESWIPE SAME DIRECTION,NOT DIVIDED,STRAIGHT AND LEVEL,UNKNOWN,UNKNOWN,NO INJURY / DRIVE AWAY,Y,$500 OR LESS,UNABLE TO DETERMINE,2.0,NO INDICATION OF INJURY,0.0,0.0,0.0,0.0,0.0,2.0,23.0,1.0,12.0,RAIN
06/28/2019 06:10:00 PM,TRAFFIC SIGNAL,CLEAR,DAYLIGHT,TURNING,NOT DIVIDED,STRAIGHT AND LEVEL,DRY,UNKNOWN,NO INJURY / DRIVE AWAY,N,"OVER $1,500",UNABLE TO DETERMINE,2.0,NO INDICATION OF INJURY,0.0,0.0,0.0,0.0,0.0,2.0,18.0,6.0,6.0,CLEAR
11/27/2020 08:35:00 PM,TRAFFIC SIGNAL,CLEAR,"DARKNESS, LIGHTED ROAD",TURNING,ONE-WAY,STRAIGHT AND LEVEL,DRY,NO DEFECTS,NO INJURY / DRIVE AWAY,Y,"OVER $1,500",IMPROPER TURNING/NO SIGNAL,2.0,NO INDICATION OF INJURY,0.0,0.0,0.0,0.0,0.0,3.0,20.0,6.0,11.0,CLEAR
08/18/2021 09:08:00 PM,TRAFFIC SIGNAL,CLEAR,DARKNESS,TURNING,Y-INTERSECTION,STRAIGHT AND LEVEL,DRY,UNKNOWN,INJURY AND / OR TOW DUE TO CRASH,Y,"OVER $1,500",FAILING TO YIELD RIGHT-OF-WAY,2.0,NONINCAPACITATING INJURY,2.0,0.0,0.0,2.0,0.0,1.0,21.0,4.0,8.0,CLEAR
01/18/2022 02:00:00 PM,TRAFFIC SIGNAL,CLEAR,DAYLIGHT,TURNING,NOT DIVIDED,STRAIGHT AND LEVEL,DRY,NO DEFECTS,NO INJURY / DRIVE AWAY,Y,"OVER $1,500",FAILING TO YIELD RIGHT-OF-WAY,2.0,NO INDICATION OF INJURY,0.0,0.0,0.0,0.0,0.0,2.0,14.0,3.0,1.0,CLEAR
07/29/2022 07:54:00 PM,TRAFFIC SIGNAL,CLEAR,DUSK,REAR END,FOUR WAY,STRAIGHT AND LEVEL,DRY,NO DEFECTS,NO INJURY / DRIVE AWAY,Y,"OVER $1,500",FOLLOWING TOO CLOSELY,2.0,NO INDICATION OF INJURY,0.0,0.0,0.0,0.0,0.0,2.0,19.0,6.0,7.0,CLEAR
08/04/2020 01:00:00 PM,TRAFFIC SIGNAL,CLEAR,DAYLIGHT,TURNING,DIVIDED - W/MEDIAN BARRIER,STRAIGHT AND LEVEL,DRY,NO DEFECTS,INJURY AND / OR TOW DUE TO CRASH,Y,"OVER $1,500",DISREGARDING TRAFFIC SIGNALS,2.0,"REPORTED, NOT EVIDENT",1.0,0.0,0.0,0.0,1.0,2.0,13.0,3.0,8.0,CLEAR
01/28/2018 09:55:00 PM,TRAFFIC SIGNAL,CLEAR,"DARKNESS, LIGHTED ROAD",REAR END,NOT DIVIDED,STRAIGHT AND LEVEL,DRY,NO DEFECTS,NO INJURY / DRIVE AWAY,Y,"OVER $1,500",FAILING TO REDUCE SPEED TO AVOID CRASH,2.0,NO INDICATION OF INJURY,0.0,0.0,0.0,0.0,0.0,2.0,21.0,1.0,1.0,CLEAR
05/09/2018 06:30:00 AM,TRAFFIC SIGNAL,CLEAR,DAYLIGHT,TURNING,ONE-WAY,STRAIGHT AND LEVEL,DRY,NO DEFECTS,NO INJURY / DRIVE AWAY,Y,"$501 - $1,500",IMPROPER TURNING/NO SIGNAL,2.0,NO INDICATION OF INJURY,0.0,0.0,0.0,0.0,0.0,2.0,6.0,4.0,5.0,CLEAR
10/16/2018 12:15:00 PM,TRAFFIC SIGNAL,CLEAR,DAYLIGHT,REAR END,NOT DIVIDED,STRAIGHT AND LEVEL,DRY,NO DEFECTS,NO INJURY / DRIVE AWAY,Y,"OVER $1,500",FOLLOWING TOO CLOSELY,2.0,NO INDICATION OF INJURY,0.0,0.0,0.0,0.0,0.0,2.0,12.0,3.0,10.0,CLEAR
11/14/2022 06:30:00 PM,TRAFFIC SIGNAL,CLEAR,"DARKNESS, LIGHTED ROAD",SIDESWIPE SAME DIRECTION,NOT DIVIDED,STRAIGHT AND LEVEL,DRY,NO DEFECTS,NO INJURY / DRIVE AWAY,Y,"OVER $1,500",FOLLOWING TOO CLOSELY,2.0,NO INDICATION OF INJURY,0.0,0.0,0.0,0.0,0.0,2.0,18.0,2.0,11.0,CLEAR
06/27/2022 01:30:00 PM,TRAFFIC SIGNAL,CLEAR,DAYLIGHT,SIDESWIPE SAME DIRECTION,DIVIDED - W/MEDIAN BARRIER,STRAIGHT AND LEVEL,DRY,UNKNOWN,NO INJURY / DRIVE AWAY,Y,"$501 - $1,500",NOT APPLICABLE,2.0,NO INDICATION OF INJURY,0.0,0.0,0.0,0.0,0.0,2.0,13.0,2.0,6.0,CLEAR
09/24/2020 08:20:00 AM,STOP SIGN/FLASHER,CLEAR,DAYLIGHT,SIDESWIPE SAME DIRECTION,DIVIDED - W/MEDIAN (NOT RAISED),STRAIGHT AND LEVEL,DRY,NO DEFECTS,NO INJURY / DRIVE AWAY,N,"$501 - $1,500",IMPROPER OVERTAKING/PASSING,2.0,NO INDICATION OF INJURY,0.0,0.0,0.0,0.0,0.0,5.0,8.0,5.0,9.0,CLEAR
09/12/2020 08:05:00 PM,TRAFFIC SIGNAL,CLEAR,"DARKNESS, LIGHTED ROAD",TURNING,FOUR WAY,STRAIGHT AND LEVEL,WET,NO DEFECTS,NO INJURY / DRIVE AWAY,N,"OVER $1,500",IMPROPER TURNING/NO SIGNAL,2.0,NO INDICATION OF INJURY,0.0,0.0,0.0,0.0,0.0,7.0,20.0,7.0,9.0,CLEAR
12/06/2022 09:00:00 PM,TRAFFIC SIGNAL,CLEAR,"DARKNESS, LIGHTED ROAD",OTHER NONCOLLISION,FOUR WAY,STRAIGHT AND LEVEL,DRY,NO DEFECTS,NO INJURY / DRIVE AWAY,Y,"OVER $1,500",UNABLE TO DETERMINE,1.0,NO INDICATION OF INJURY,0.0,0.0,0.0,0.0,0.0,1.0,21.0,3.0,12.0,CLEAR
02/26/2022 06:00:00 PM,STOP SIGN/FLASHER,CLEAR,"DARKNESS, LIGHTED ROAD",TURNING,FOUR WAY,STRAIGHT AND LEVEL,DRY,NO DEFECTS,INJURY AND / OR TOW DUE TO CRASH,Y,"OVER $1,500",DISREGARDING STOP SIGN,2.0,NO INDICATION OF INJURY,0.0,0.0,0.0,0.0,0.0,3.0,18.0,7.0,2.0,CLEAR
08/05/2021 05:30:00 PM,NO CONTROLS,CLEAR,DAYLIGHT,SIDESWIPE SAME DIRECTION,DIVIDED - W/MEDIAN BARRIER,STRAIGHT AND LEVEL,DRY,NO DEFECTS,NO INJURY / DRIVE AWAY,Y,"OVER $1,500",FAILING TO YIELD RIGHT-OF-WAY,2.0,NO INDICATION OF INJURY,0.0,0.0,0.0,0.0,0.0,2.0,17.0,5.0,8.0,CLEAR
11/13/2019 02:10:00 PM,STOP SIGN/FLASHER,CLEAR,DAYLIGHT,REAR END,ONE-WAY,STRAIGHT AND LEVEL,ICE,UNKNOWN,INJURY AND / OR TOW DUE TO CRASH,Y,"OVER $1,500",UNABLE TO DETERMINE,3.0,"REPORTED, NOT EVIDENT",1.0,0.0,0.0,0.0,1.0,2.0,14.0,4.0,11.0,CLEAR
03/10/2023 05:39:00 PM,NO CONTROLS,SNOW,DUSK,REAR END,NOT DIVIDED,STRAIGHT AND LEVEL,WET,NO DEFECTS,INJURY AND / OR TOW DUE TO CRASH,Y,"OVER $1,500",FOLLOWING TOO CLOSELY,2.0,NO INDICATION OF INJURY,0.0,0.0,0.0,0.0,0.0,2.0,17.0,6.0,3.0,SNOW
12/29/2018 04:02:00 AM,TRAFFIC SIGNAL,SNOW,"DARKNESS, LIGHTED ROAD",FIXED OBJECT,OTHER,STRAIGHT AND LEVEL,WET,NO DEFECTS,INJURY AND / OR TOW DUE TO CRASH,Y,"OVER $1,500",UNABLE TO DETERMINE,1.0,NONINCAPACITATING INJURY,1.0,0.0,0.0,1.0,0.0,0.0,4.0,7.0,12.0,SNOW
01/10/2018 02:57:00 PM,NO CONTROLS,RAIN,DAYLIGHT,TURNING,NOT DIVIDED,STRAIGHT AND LEVEL,WET,NO DEFECTS,INJURY AND / OR TOW DUE TO CRASH,Y,"OVER $1,500",UNABLE TO DETERMINE,2.0,NO INDICATION OF INJURY,0.0,0.0,0.0,0.0,0.0,2.0,14.0,4.0,1.0,RAIN
10/28/2018 05:58:00 AM,STOP SIGN/FLASHER,RAIN,"DARKNESS, LIGHTED ROAD",ANGLE,ONE-WAY,STRAIGHT AND LEVEL,WET,UNKNOWN,INJURY AND / OR TOW DUE TO CRASH,Y,"OVER $1,500",DISREGARDING STOP SIGN,2.0,NO INDICATION OF INJURY,0.0,0.0,0.0,0.0,0.0,2.0,5.0,1.0,10.0,RAIN
06/18/2021 05:55:00 AM,NO CONTROLS,RAIN,DAWN,REAR END,NOT DIVIDED,STRAIGHT AND LEVEL,WET,NO DEFECTS,INJURY AND / OR TOW DUE TO CRASH,N,"OVER $1,500",WEATHER,2.0,NO INDICATION OF INJURY,0.0,0.0,0.0,0.0,0.0,2.0,5.0,6.0,6.0,RAIN
08/09/2022 07:03:00 PM,NO CONTROLS,CLEAR,DUSK,PEDALCYCLIST,UNKNOWN INTERSECTION TYPE,STRAIGHT AND LEVEL,DRY,NO DEFECTS,INJURY AND / OR TOW DUE TO CRASH,Y,$500 OR LESS,"VISION OBSCURED (SIGNS, TREE LIMBS, BUILDINGS, ETC.)",2.0,"REPORTED, NOT EVIDENT",1.0,0.0,0.0,0.0,1.0,1.0,19.0,3.0,8.0,CLEAR
09/02/2016 09:50:00 PM,STOP SIGN/FLASHER,CLEAR,"DARKNESS, LIGHTED ROAD",REAR END,DIVIDED - W/MEDIAN BARRIER,STRAIGHT AND LEVEL,UNKNOWN,UNKNOWN,INJURY AND / OR TOW DUE TO CRASH,Y,"OVER $1,500",UNABLE TO DETERMINE,2.0,NONINCAPACITATING INJURY,1.0,0.0,0.0,1.0,0.0,1.0,21.0,6.0,9.0,CLEAR
06/30/2021 10:25:00 AM,NO CONTROLS,CLOUDY/OVERCAST,DAYLIGHT,ANGLE,PARKING LOT,STRAIGHT AND LEVEL,DRY,NO DEFECTS,INJURY AND / OR TOW DUE TO CRASH,Y,"OVER $1,500",FAILING TO YIELD RIGHT-OF-WAY,2.0,"REPORTED, NOT EVIDENT",1.0,0.0,0.0,0.0,1.0,1.0,10.0,4.0,6.0,CLOUDY/OVERCAST
08/17/2019 02:30:00 PM,TRAFFIC SIGNAL,CLOUDY/OVERCAST,DAYLIGHT,SIDESWIPE SAME DIRECTION,NOT DIVIDED,STRAIGHT AND LEVEL,WET,NO DEFECTS,NO INJURY / DRIVE AWAY,Y,"$501 - $1,500",IMPROPER OVERTAKING/PASSING,2.0,NO INDICATION OF INJURY,0.0,0.0,0.0,0.0,0.0,3.0,14.0,7.0,8.0,CLOUDY/OVERCAST
10/12/2022 03:25:00 PM,TRAFFIC SIGNAL,CLEAR,DAYLIGHT,PEDESTRIAN,FOUR WAY,STRAIGHT AND LEVEL,WET,UNKNOWN,NO INJURY / DRIVE AWAY,Y,"OVER $1,500",FAILING TO YIELD RIGHT-OF-WAY,2.0,NO INDICATION OF INJURY,0.0,0.0,0.0,0.0,0.0,2.0,15.0,4.0,10.0,CLEAR
04/07/2019 06:44:00 PM,TRAFFIC SIGNAL,RAIN,DAYLIGHT,ANGLE,NOT DIVIDED,STRAIGHT AND LEVEL,WET,NO DEFECTS,INJURY AND / OR TOW DUE TO CRASH,Y,"OVER $1,500",WEATHER,2.0,NO INDICATION OF INJURY,0.0,0.0,0.0,0.0,0.0,4.0,18.0,1.0,4.0,RAIN
07/25/2019 12:30:00 PM,TRAFFIC SIGNAL,CLEAR,DAYLIGHT,REAR END,DIVIDED - W/MEDIAN (NOT RAISED),STRAIGHT AND LEVEL,DRY,NO DEFECTS,NO INJURY / DRIVE AWAY,Y,$500 OR LESS,FAILING TO REDUCE SPEED TO AVOID CRASH,2.0,NO INDICATION OF INJURY,0.0,0.0,0.0,0.0,0.0,2.0,12.0,5.0,7.0,CLEAR
12/10/2016 11:00:00 PM,NO CONTROLS,SNOW,"DARKNESS, LIGHTED ROAD",FIXED OBJECT,NOT DIVIDED,STRAIGHT AND LEVEL,SNOW OR SLUSH,NO DEFECTS,INJURY AND / OR TOW DUE TO CRASH,Y,$500 OR LESS,UNABLE TO DETERMINE,1.0,NO INDICATION OF INJURY,0.0,0.0,0.0,0.0,0.0,1.0,23.0,7.0,12.0,SNOW
10/30/2019 10:50:00 AM,TRAFFIC SIGNAL,RAIN,DAYLIGHT,TURNING,ONE-WAY,STRAIGHT AND LEVEL,WET,NO DEFECTS,NO INJURY / DRIVE AWAY,Y,"OVER $1,500",NOT APPLICABLE,2.0,NO INDICATION OF INJURY,0.0,0.0,0.0,0.0,0.0,2.0,10.0,4.0,10.0,RAIN
08/22/2019 06:15:00 AM,TRAFFIC SIGNAL,CLEAR,DAYLIGHT,TURNING,DIVIDED - W/MEDIAN BARRIER,STRAIGHT AND LEVEL,DRY,NO DEFECTS,INJURY AND / OR TOW DUE TO CRASH,Y,"OVER $1,500",DRIVING ON WRONG SIDE/WRONG WAY,2.0,NO INDICATION OF INJURY,0.0,0.0,0.0,0.0,0.0,3.0,6.0,5.0,8.0,CLEAR
04/19/2022 07:05:00 PM,TRAFFIC SIGNAL,CLEAR,"DARKNESS, LIGHTED ROAD",REAR END,NOT DIVIDED,STRAIGHT AND LEVEL,DRY,NO DEFECTS,NO INJURY / DRIVE AWAY,Y,"OVER $1,500",FAILING TO REDUCE SPEED TO AVOID CRASH,2.0,NO INDICATION OF INJURY,0.0,0.0,0.0,0.0,0.0,2.0,19.0,3.0,4.0,CLEAR
10/27/2017 04:15:00 PM,SCHOOL ZONE,CLEAR,DAYLIGHT,OTHER OBJECT,NOT DIVIDED,STRAIGHT AND LEVEL,DRY,NO DEFECTS,NO INJURY / DRIVE AWAY,N,"$501 - $1,500",IMPROPER LANE USAGE,2.0,NO INDICATION OF INJURY,0.0,0.0,0.0,0.0,0.0,1.0,16.0,6.0,10.0,CLEAR
03/05/2019 04:42:00 PM,NO CONTROLS,CLEAR,DAYLIGHT,TURNING,NOT DIVIDED,STRAIGHT AND LEVEL,DRY,NO DEFECTS,NO INJURY / DRIVE AWAY,Y,"OVER $1,500",UNABLE TO DETERMINE,2.0,NO INDICATION OF INJURY,0.0,0.0,0.0,0.0,0.0,3.0,16.0,3.0,3.0,CLEAR
02/12/2019 08:45:00 AM,TRAFFIC SIGNAL,SNOW,DAYLIGHT,TURNING,ONE-WAY,STRAIGHT AND LEVEL,WET,NO DEFECTS,NO INJURY / DRIVE AWAY,Y,$500 OR LESS,IMPROPER TURNING/NO SIGNAL,2.0,NO INDICATION OF INJURY,0.0,0.0,0.0,0.0,0.0,2.0,8.0,3.0,2.0,SNOW
07/31/2016 12:01:00 AM,TRAFFIC SIGNAL,CLEAR,"DARKNESS, LIGHTED ROAD",SIDESWIPE SAME DIRECTION,DIVIDED - W/MEDIAN (NOT RAISED),STRAIGHT AND LEVEL,DRY,NO DEFECTS,NO INJURY / DRIVE AWAY,Y,"$501 - $1,500",IMPROPER OVERTAKING/PASSING,2.0,NO INDICATION OF INJURY,0.0,0.0,0.0,0.0,0.0,3.0,0.0,1.0,7.0,CLEAR
05/26/2022 10:43:00 AM,TRAFFIC SIGNAL,CLEAR,DAYLIGHT,SIDESWIPE SAME DIRECTION,DIVIDED - W/MEDIAN BARRIER,CURVE ON GRADE,DRY,NO DEFECTS,INJURY AND / OR TOW DUE TO CRASH,Y,"OVER $1,500",IMPROPER OVERTAKING/PASSING,3.0,NONINCAPACITATING INJURY,1.0,0.0,0.0,1.0,0.0,2.0,10.0,5.0,5.0,CLEAR
09/24/2019 05:05:00 PM,TRAFFIC SIGNAL,CLEAR,DAYLIGHT,REAR END,ONE-WAY,STRAIGHT AND LEVEL,DRY,NO DEFECTS,NO INJURY / DRIVE AWAY,Y,"OVER $1,500",FOLLOWING TOO CLOSELY,2.0,NO INDICATION OF INJURY,0.0,0.0,0.0,0.0,0.0,2.0,17.0,3.0,9.0,CLEAR
10/10/2022 04:50:00 PM,TRAFFIC SIGNAL,CLEAR,DAYLIGHT,SIDESWIPE SAME DIRECTION,DIVIDED - W/MEDIAN (NOT RAISED),STRAIGHT AND LEVEL,DRY,NO DEFECTS,NO INJURY / DRIVE AWAY,Y,"$501 - $1,500",UNABLE TO DETERMINE,2.0,NO INDICATION OF INJURY,0.0,0.0,0.0,0.0,0.0,2.0,16.0,2.0,10.0,CLEAR
04/14/2018 11:20:00 AM,TRAFFIC SIGNAL,RAIN,DAYLIGHT,ANGLE,NOT DIVIDED,STRAIGHT AND LEVEL,WET,NO DEFECTS,INJURY AND / OR TOW DUE TO CRASH,Y,"OVER $1,500",NOT APPLICABLE,2.0,NO INDICATION OF INJURY,0.0,0.0,0.0,0.0,0.0,3.0,11.0,7.0,4.0,RAIN
03/23/2018 01:00:00 PM,TRAFFIC SIGNAL,CLEAR,DAYLIGHT,TURNING,ONE-WAY,STRAIGHT AND LEVEL,DRY,NO DEFECTS,INJURY AND / OR TOW DUE TO CRASH,Y,"OVER $1,500",FAILING TO YIELD RIGHT-OF-WAY,3.0,NONINCAPACITATING INJURY,1.0,0.0,0.0,1.0,0.0,1.0,13.0,6.0,3.0,CLEAR
11/19/2022 03:30:00 PM,NO CONTROLS,CLEAR,DAYLIGHT,FIXED OBJECT,OTHER,STRAIGHT AND LEVEL,SNOW OR SLUSH,NO DEFECTS,INJURY AND / OR TOW DUE TO CRASH,N,"OVER $1,500",FAILING TO REDUCE SPEED TO AVOID CRASH,1.0,"REPORTED, NOT EVIDENT",1.0,0.0,0.0,0.0,1.0,1.0,15.0,7.0,11.0,CLEAR
12/18/2022 02:00:00 PM,UNKNOWN,UNKNOWN,UNKNOWN,ANGLE,NOT DIVIDED,STRAIGHT AND LEVEL,UNKNOWN,UNKNOWN,NO INJURY / DRIVE AWAY,Y,"OVER $1,500",FAILING TO YIELD RIGHT-OF-WAY,2.0,NO INDICATION OF INJURY,0.0,0.0,0.0,0.0,0.0,2.0,14.0,1.0,12.0,UNKNOWN
06/08/2022 03:30:00 PM,NO CONTROLS,RAIN,DAYLIGHT,ANGLE,DIVIDED - W/MEDIAN (NOT RAISED),STRAIGHT AND LEVEL,WET,NO DEFECTS,NO INJURY / DRIVE AWAY,Y,"$501 - $1,500",FAILING TO YIELD RIGHT-OF-WAY,2.0,NO INDICATION OF INJURY,0.0,0.0,0.0,0.0,0.0,2.0,15.0,4.0,6.0,RAIN
08/06/2021 02:37:00 AM,STOP SIGN/FLASHER,RAIN,"DARKNESS, LIGHTED ROAD",SIDESWIPE SAME DIRECTION,NOT DIVIDED,STRAIGHT AND LEVEL,DRY,NO DEFECTS,INJURY AND / OR TOW DUE TO CRASH,N,"OVER $1,500",IMPROPER OVERTAKING/PASSING,2.0,NO INDICATION OF INJURY,0.0,0.0,0.0,0.0,0.0,2.0,2.0,6.0,8.0,RAIN
09/09/2015 01:10:00 PM,TRAFFIC SIGNAL,CLEAR,DAYLIGHT,REAR END,DIVIDED - W/MEDIAN BARRIER,STRAIGHT ON GRADE,DRY,NO DEFECTS,NO INJURY / DRIVE AWAY,Y,"OVER $1,500",FOLLOWING TOO CLOSELY,2.0,NO INDICATION OF INJURY,0.0,0.0,0.0,0.0,0.0,2.0,13.0,4.0,9.0,CLEAR
07/09/2021 01:14:00 PM,TRAFFIC SIGNAL,CLEAR,DAYLIGHT,TURNING,DIVIDED - W/MEDIAN BARRIER,STRAIGHT AND LEVEL,DRY,NO DEFECTS,INJURY AND / OR TOW DUE TO CRASH,Y,"OVER $1,500",DISREGARDING TRAFFIC SIGNALS,2.0,"REPORTED, NOT EVIDENT",1.0,0.0,0.0,0.0,1.0,1.0,13.0,6.0,7.0,CLEAR
05/28/2021 03:00:00 PM,TRAFFIC SIGNAL,CLOUDY/OVERCAST,DAYLIGHT,TURNING,FOUR WAY,STRAIGHT AND LEVEL,WET,NO DEFECTS,NO INJURY / DRIVE AWAY,Y,"OVER $1,500",UNABLE TO DETERMINE,2.0,NO INDICATION OF INJURY,0.0,0.0,0.0,0.0,0.0,3.0,15.0,6.0,5.0,CLOUDY/OVERCAST
03/10/2021 12:28:00 PM,TRAFFIC SIGNAL,CLEAR,DAYLIGHT,TURNING,FOUR WAY,STRAIGHT AND LEVEL,DRY,UNKNOWN,NO INJURY / DRIVE AWAY,Y,"$501 - $1,500",UNABLE TO DETERMINE,2.0,NO INDICATION OF INJURY,0.0,0.0,0.0,0.0,0.0,3.0,12.0,4.0,3.0,CLEAR
01/20/2016 02:50:00 PM,STOP SIGN/FLASHER,CLEAR,DAYLIGHT,ANGLE,NOT DIVIDED,STRAIGHT AND LEVEL,DRY,NO DEFECTS,NO INJURY / DRIVE AWAY,N,"OVER $1,500",DISREGARDING STOP SIGN,2.0,NO INDICATION OF INJURY,0.0,0.0,0.0,0.0,0.0,2.0,14.0,4.0,1.0,CLEAR
10/10/2018 10:30:00 PM,STOP SIGN/FLASHER,CLEAR,"DARKNESS, LIGHTED ROAD",ANGLE,ONE-WAY,STRAIGHT AND LEVEL,DRY,NO DEFECTS,NO INJURY / DRIVE AWAY,Y,$500 OR LESS,IMPROPER BACKING,2.0,NO INDICATION OF INJURY,0.0,0.0,0.0,0.0,0.0,2.0,22.0,4.0,10.0,CLEAR
05/25/2019 10:50:00 PM,TRAFFIC SIGNAL,CLEAR,"DARKNESS, LIGHTED ROAD",TURNING,NOT DIVIDED,STRAIGHT AND LEVEL,UNKNOWN,UNKNOWN,NO INJURY / DRIVE AWAY,Y,$500 OR LESS,IMPROPER TURNING/NO SIGNAL,2.0,NO INDICATION OF INJURY,0.0,0.0,0.0,0.0,0.0,3.0,22.0,7.0,5.0,CLEAR
04/12/2023 09:50:00 AM,NO CONTROLS,RAIN,DAYLIGHT,ANGLE,ONE-WAY,STRAIGHT AND LEVEL,DRY,NO DEFECTS,NO INJURY / DRIVE AWAY,Y,"OVER $1,500",FAILING TO YIELD RIGHT-OF-WAY,2.0,NO INDICATION OF INJURY,0.0,0.0,0.0,0.0,0.0,2.0,9.0,4.0,4.0,RAIN
01/16/2016 04:35:00 PM,STOP SIGN/FLASHER,CLEAR,"DARKNESS, LIGHTED ROAD",ANGLE,DIVIDED - W/MEDIAN (NOT RAISED),STRAIGHT AND LEVEL,DRY,NO DEFECTS,NO INJURY / DRIVE AWAY,Y,"OVER $1,500",FAILING TO YIELD RIGHT-OF-WAY,2.0,NO INDICATION OF INJURY,0.0,0.0,0.0,0.0,0.0,2.0,16.0,7.0,1.0,CLEAR
09/14/2020 04:50:00 PM,UNKNOWN,UNKNOWN,UNKNOWN,REAR END,ONE-WAY,STRAIGHT AND LEVEL,UNKNOWN,UNKNOWN,NO INJURY / DRIVE AWAY,Y,"OVER $1,500",UNABLE TO DETERMINE,2.0,NO INDICATION OF INJURY,0.0,0.0,0.0,0.0,0.0,2.0,16.0,2.0,9.0,UNKNOWN
12/22/2018 12:55:00 AM,TRAFFIC SIGNAL,CLEAR,"DARKNESS, LIGHTED ROAD",ANGLE,ONE-WAY,STRAIGHT AND LEVEL,DRY,NO DEFECTS,INJURY AND / OR TOW DUE TO CRASH,Y,"OVER $1,500",DISREGARDING TRAFFIC SIGNALS,2.0,NO INDICATION OF INJURY,0.0,0.0,0.0,0.0,0.0,2.0,0.0,7.0,12.0,CLEAR
08/18/2021 04:20:00 PM,TRAFFIC SIGNAL,CLEAR,DAYLIGHT,TURNING,ONE-WAY,STRAIGHT AND LEVEL,DRY,NO DEFECTS,NO INJURY / DRIVE AWAY,Y,"$501 - $1,500",IMPROPER TURNING/NO SIGNAL,2.0,NO INDICATION OF INJURY,0.0,0.0,0.0,0.0,0.0,2.0,16.0,4.0,8.0,CLEAR
01/28/2022 08:00:00 AM,TRAFFIC SIGNAL,SNOW,DAYLIGHT,TURNING,NOT DIVIDED,STRAIGHT AND LEVEL,SNOW OR SLUSH,NO DEFECTS,NO INJURY / DRIVE AWAY,Y,"OVER $1,500",WEATHER,2.0,NO INDICATION OF INJURY,0.0,0.0,0.0,0.0,0.0,2.0,8.0,6.0,1.0,SNOW
06/14/2017 07:20:00 PM,NO CONTROLS,RAIN,DUSK,TURNING,NOT DIVIDED,STRAIGHT AND LEVEL,WET,NO DEFECTS,NO INJURY / DRIVE AWAY,Y,"OVER $1,500",IMPROPER TURNING/NO SIGNAL,2.0,NO INDICATION OF INJURY,0.0,0.0,0.0,0.0,0.0,6.0,19.0,4.0,6.0,RAIN
03/13/2020 02:00:00 PM,TRAFFIC SIGNAL,CLEAR,DAYLIGHT,REAR END,Y-INTERSECTION,STRAIGHT AND LEVEL,DRY,NO DEFECTS,NO INJURY / DRIVE AWAY,Y,"$501 - $1,500",FAILING TO REDUCE SPEED TO AVOID CRASH,2.0,NO INDICATION OF INJURY,0.0,0.0,0.0,0.0,0.0,2.0,14.0,6.0,3.0,CLEAR
09/26/2018 07:48:00 AM,STOP SIGN/FLASHER,CLEAR,DAYLIGHT,ANGLE,OTHER,STRAIGHT AND LEVEL,DRY,NO DEFECTS,INJURY AND / OR TOW DUE TO CRASH,Y,"OVER $1,500",FAILING TO YIELD RIGHT-OF-WAY,2.0,NONINCAPACITATING INJURY,1.0,0.0,0.0,1.0,0.0,1.0,7.0,4.0,9.0,CLEAR
12/04/2022 01:52:00 AM,TRAFFIC SIGNAL,CLEAR,"DARKNESS, LIGHTED ROAD",ANGLE,FOUR WAY,STRAIGHT AND LEVEL,DRY,NO DEFECTS,INJURY AND / OR TOW DUE TO CRASH,Y,"OVER $1,500",DISREGARDING TRAFFIC SIGNALS,2.0,"REPORTED, NOT EVIDENT",2.0,0.0,0.0,0.0,2.0,1.0,1.0,1.0,12.0,CLEAR
07/27/2017 05:15:00 PM,TRAFFIC SIGNAL,CLEAR,DAYLIGHT,REAR END,CENTER TURN LANE,STRAIGHT AND LEVEL,DRY,NO DEFECTS,INJURY AND / OR TOW DUE TO CRASH,Y,"OVER $1,500",FOLLOWING TOO CLOSELY,2.0,NO INDICATION OF INJURY,0.0,0.0,0.0,0.0,0.0,3.0,17.0,5.0,7.0,CLEAR